{
  "method": "dp_fedavg",
  "dataset": "MNIST",
  "num_clients": 10,
  "global_epochs": 30,
  "round_accuracies": [
    11.17,
    13.17,
    20.43,
    21.46,
    10.39,
    9.8,
    14.54,
    17.93,
    24.15,
    15.2,
    26.01,
    22.13,
    16.99,
    14.8,
    16.87,
    24.9,
    27.67,
    37.43,
    40.59,
    47.79,
    47.01,
    37.97,
    44.49,
    49.21,
    47.84,
    45.08,
    61.86,
    62.01,
    58.82,
    48.32
  ],
  "client_accuracies": [
    [
      8.6,
      14.2
    ],
    [
      10.0,
      18.4
    ],
    [
      14.0,
      18.8
    ],
    [
      7.6,
      19.8
    ],
    [
      10.4,
      8.6
    ],
    [
      13.2,
      10.4
    ],
    [
      8.6,
      14.8
    ],
    [
      19.4,
      11.8
    ],
    [
      16.4,
      26.4
    ],
    [
      31.8,
      16.2
    ],
    [
      16.8,
      46.2
    ],
    [
      21.6,
      20.8
    ],
    [
      24.4,
      15.8
    ],
    [
      22.4,
      16.0
    ],
    [
      27.6,
      22.0
    ],
    [
      27.6,
      20.8
    ],
    [
      11.0,
      18.2
    ],
    [
      22.8,
      16.0
    ],
    [
      43.2,
      45.0
    ],
    [
      37.6,
      51.0
    ],
    [
      34.8,
      47.2
    ],
    [
      40.4,
      26.2
    ],
    [
      17.0,
      50.6
    ],
    [
      19.8,
      38.2
    ],
    [
      21.2,
      26.6
    ],
    [
      30.4,
      27.8
    ],
    [
      57.4,
      53.2
    ],
    [
      49.8,
      57.2
    ],
    [
      52.0,
      28.8
    ],
    [
      32.0,
      37.0
    ]
  ],
  "fairness_variances": [
    7.839999999999999,
    17.639999999999993,
    5.760000000000002,
    37.21000000000001,
    0.8100000000000006,
    1.9599999999999986,
    9.610000000000003,
    14.439999999999992,
    25.0,
    60.84000000000001,
    216.09000000000003,
    0.16000000000000028,
    18.48999999999999,
    10.239999999999995,
    7.840000000000004,
    11.560000000000002,
    12.959999999999997,
    11.560000000000002,
    0.8099999999999974,
    44.889999999999986,
    38.44000000000003,
    50.41,
    282.24,
    84.64000000000001,
    7.290000000000006,
    1.6899999999999973,
    4.409999999999991,
    13.69000000000002,
    134.56,
    6.25
  ],
  "communication_costs": [],
  "training_losses": [
    2.1438002790723525,
    2.26167139907678,
    2.1050362010796864,
    2.210955204963684,
    2.1048959543307624,
    2.0339416027069093,
    1.9031685807023728,
    1.882089617422649,
    2.074192402760188,
    2.1055350229144096,
    2.0232820719480515,
    2.158843296766281,
    1.9016300961375237,
    1.793240249156952,
    1.6819376334547997,
    1.7365851134061814,
    1.7962120711803435,
    1.399155524969101,
    1.8458202227950098,
    1.7176723460356396,
    1.628492733836174,
    1.4663997737424714,
    1.317860824863116,
    1.520302082101504,
    1.2282075354456903,
    1.1849509589374065,
    1.6300860464572906,
    1.2654852241277694,
    1.1717048833767572,
    0.9332877332965533
  ],
  "gradient_norms": [
    3.1965866558416636,
    4.363038601216988,
    4.500676992722983,
    3.8901078716673725,
    3.9097839539330215,
    4.0735551807739565,
    3.4301172640789557,
    3.790405669083658,
    7.446472572538989,
    5.54945603443587,
    5.062742252847334,
    5.2235771242510705,
    4.343574532956174,
    5.723144176126073,
    4.630533810586713,
    5.977963535667535,
    7.519910353467614,
    5.515951782211027,
    9.94339151811529,
    11.351847241651376,
    9.111095708262706,
    6.782424453210506,
    8.217126686713975,
    8.92081006697021,
    7.89597859885694,
    8.527366029229967,
    10.385395328092653,
    10.180912934605924,
    8.559786796964552,
    6.767623304129382
  ],
  "final_global_accuracy": 48.32,
  "best_global_accuracy": 62.01,
  "mean_client_accuracy": 26.23,
  "mean_fairness_variance": 37.977666666666664,
  "mean_training_loss": 1.7408814229021472,
  "mean_gradient_norm": 6.493045234373683,
  "convergence_round": 27,
  "convergence_speed": 0.9
}