{
  "method": "fedaddp",
  "dataset": "MNIST",
  "num_clients": 10,
  "global_epochs": 30,
  "round_accuracies": [
    10.39,
    9.81,
    9.8,
    27.65,
    20.83,
    19.26,
    16.07,
    11.74,
    26.52,
    23.26,
    27.42,
    14.64,
    21.99,
    15.99,
    13.45,
    17.17,
    17.61,
    18.5,
    14.04,
    16.2,
    18.54,
    24.1,
    17.81,
    16.0,
    16.05,
    11.38,
    17.47,
    14.57,
    19.28,
    17.96
  ],
  "client_accuracies": [
    [
      17.0,
      11.8
    ],
    [
      11.8,
      10.4
    ],
    [
      10.4,
      16.4
    ],
    [
      14.2,
      20.4
    ],
    [
      10.4,
      17.4
    ],
    [
      11.0,
      16.0
    ],
    [
      17.8,
      16.8
    ],
    [
      22.8,
      14.0
    ],
    [
      17.4,
      18.4
    ],
    [
      14.0,
      26.0
    ],
    [
      22.2,
      19.8
    ],
    [
      9.4,
      12.8
    ],
    [
      10.4,
      25.6
    ],
    [
      17.4,
      12.6
    ],
    [
      12.0,
      8.4
    ],
    [
      15.8,
      12.0
    ],
    [
      13.2,
      13.6
    ],
    [
      11.8,
      14.2
    ],
    [
      13.8,
      15.6
    ],
    [
      7.0,
      5.8
    ],
    [
      13.4,
      13.8
    ],
    [
      13.4,
      17.2
    ],
    [
      24.4,
      12.4
    ],
    [
      14.2,
      15.0
    ],
    [
      13.8,
      12.6
    ],
    [
      9.8,
      13.2
    ],
    [
      22.8,
      18.8
    ],
    [
      16.8,
      10.0
    ],
    [
      10.2,
      15.2
    ],
    [
      11.6,
      19.0
    ]
  ],
  "fairness_variances": [
    6.759999999999998,
    0.4900000000000002,
    8.999999999999995,
    9.609999999999998,
    12.249999999999993,
    6.25,
    0.25,
    19.360000000000003,
    0.25,
    36.0,
    1.4399999999999984,
    2.8900000000000006,
    57.760000000000005,
    5.759999999999998,
    3.2399999999999993,
    3.610000000000001,
    0.04000000000000007,
    1.4399999999999984,
    0.8099999999999989,
    0.3600000000000001,
    0.04000000000000007,
    3.6099999999999977,
    35.999999999999986,
    0.16000000000000028,
    0.36000000000000065,
    2.8899999999999975,
    4.0,
    11.560000000000002,
    6.25,
    13.690000000000001
  ],
  "communication_costs": [],
  "training_losses": [
    1.9813991955348422,
    2.028184319535891,
    1.7790328661600747,
    2.043555569648743,
    1.7871876557668052,
    1.733679843445619,
    1.6721958535058157,
    1.9535859546491077,
    2.23703973988692,
    2.5852576717734337,
    2.2413317412137985,
    2.0848366245627403,
    2.442240960896015,
    1.9515954926609993,
    1.7342796176671982,
    2.437146671116352,
    3.8273127873738604,
    2.5930196553468705,
    6.032240182161331,
    3.772437170147896,
    3.84617218375206,
    2.8868021709578375,
    3.256192537645499,
    2.8277706404527025,
    3.0938657253980635,
    2.687376057108243,
    5.63334695994854,
    6.1748403906822205,
    3.100995133320491,
    2.958261874814828
  ],
  "gradient_norms": [
    0.0,
    0.0,
    0.0,
    0.0,
    0.0,
    0.0,
    0.0,
    0.0,
    0.0,
    0.0,
    0.0,
    0.0,
    0.0,
    0.0,
    0.0,
    0.0,
    0.0,
    0.0,
    0.0,
    0.0,
    0.0,
    0.0,
    0.0,
    0.0,
    0.0,
    0.0,
    0.0,
    0.0,
    0.0,
    0.0
  ],
  "final_global_accuracy": 17.96,
  "best_global_accuracy": 27.65,
  "mean_client_accuracy": 14.756666666666664,
  "mean_fairness_variance": 8.537666666666665,
  "mean_training_loss": 2.8461061082378265,
  "mean_gradient_norm": 0.0,
  "convergence_round": 4,
  "convergence_speed": 0.13333333333333333
}