{
  "method": "dp_fedavg",
  "dataset": "MNIST",
  "num_clients": 10,
  "global_epochs": 10,
  "round_accuracies": [
    15.99,
    14.25,
    16.73,
    9.34,
    7.18,
    5.5,
    5.9,
    6.33,
    6.56,
    6.39
  ],
  "client_accuracies": [
    [
      14.4,
      11.4
    ],
    [
      11.6,
      12.4
    ],
    [
      18.8,
      14.2
    ],
    [
      10.6,
      10.4
    ],
    [
      6.4,
      12.6
    ],
    [
      8.2,
      5.6
    ],
    [
      2.6,
      11.8
    ],
    [
      7.6,
      4.2
    ],
    [
      6.2,
      6.4
    ],
    [
      7.4,
      6.8
    ]
  ],
  "fairness_variances": [
    2.25,
    0.16000000000000028,
    5.290000000000004,
    0.009999999999999929,
    9.609999999999998,
    1.6899999999999995,
    21.16,
    2.889999999999999,
    0.010000000000000018,
    0.09000000000000016
  ],
  "communication_costs": [],
  "training_losses": [
    159.4167340251864,
    159.99956827163697,
    157.62735131581624,
    168.82224723815918,
    448.7923539055719,
    800.6809013730003,
    1163.7132045200892,
    1278.740566253662,
    1404.772216796875,
    1076.4513473510742
  ],
  "gradient_norms": [
    307.43513757038943,
    442.25648781509375,
    478.55214087467584,
    413.8218972162688,
    1002.571595363446,
    1575.2352762564838,
    1580.7172921238089,
    1576.5191689196654,
    2432.8278527511156,
    1597.217028380906
  ],
  "final_global_accuracy": 6.39,
  "best_global_accuracy": 16.73,
  "mean_client_accuracy": 9.48,
  "mean_fairness_variance": 4.316,
  "mean_training_loss": 681.9016491051071,
  "mean_gradient_norm": 1140.7153877271853,
  "convergence_round": 1,
  "convergence_speed": 0.1
}