{
  "method": "dp_fedavg",
  "dataset": "MNIST",
  "num_clients": 10,
  "global_epochs": 10,
  "round_accuracies": [
    15.55,
    14.49,
    20.22,
    14.25,
    8.96,
    5.02,
    11.55,
    15.29,
    15.38,
    17.9
  ],
  "client_accuracies": [
    [
      16.8,
      12.4
    ],
    [
      17.8,
      11.2
    ],
    [
      16.2,
      18.4
    ],
    [
      14.8,
      17.2
    ],
    [
      13.4,
      9.8
    ],
    [
      5.8,
      12.6
    ],
    [
      16.4,
      15.2
    ],
    [
      8.0,
      22.6
    ],
    [
      14.2,
      15.2
    ],
    [
      19.2,
      10.6
    ]
  ],
  "fairness_variances": [
    4.840000000000001,
    10.890000000000004,
    1.209999999999999,
    1.4399999999999984,
    3.2399999999999993,
    11.559999999999999,
    0.3599999999999996,
    53.29000000000001,
    0.25,
    18.49
  ],
  "communication_costs": [],
  "training_losses": [
    187.40909883635382,
    189.31889511744183,
    170.76280879974365,
    218.5551957702637,
    782.5003124237062,
    6088.618544514974,
    6303.826525181361,
    7904.277205984933,
    9004.68212076823,
    16658.68134765625
  ],
  "gradient_norms": [
    369.1107765426809,
    460.1051833376248,
    507.2620176661037,
    566.0984150481977,
    1447.5080444493892,
    5811.208654498569,
    5759.911594381303,
    6983.145030909628,
    10576.66455071401,
    14045.980072024284
  ],
  "final_global_accuracy": 17.9,
  "best_global_accuracy": 20.22,
  "mean_client_accuracy": 14.39,
  "mean_fairness_variance": 10.557,
  "mean_training_loss": 4750.863205505326,
  "mean_gradient_norm": 4652.699433957178,
  "convergence_round": 3,
  "convergence_speed": 0.3
}