{
  "method": "dp_fedavg",
  "dataset": "MNIST",
  "num_clients": 10,
  "global_epochs": 10,
  "round_accuracies": [
    30.24,
    27.89,
    35.15,
    36.89,
    26.25,
    24.76,
    9.13,
    13.17,
    10.41,
    8.91
  ],
  "client_accuracies": [
    [
      30.8,
      11.2
    ],
    [
      32.2,
      24.8
    ],
    [
      23.2,
      24.2
    ],
    [
      32.8,
      24.8
    ],
    [
      22.4,
      31.0
    ],
    [
      32.6,
      29.4
    ],
    [
      11.6,
      17.6
    ],
    [
      15.0,
      12.6
    ],
    [
      16.0,
      10.0
    ],
    [
      11.2,
      8.8
    ]
  ],
  "fairness_variances": [
    96.04000000000002,
    13.690000000000008,
    0.25,
    15.999999999999986,
    18.490000000000006,
    2.5600000000000045,
    9.000000000000005,
    1.4400000000000004,
    9.0,
    1.4399999999999984
  ],
  "communication_costs": [],
  "training_losses": [
    3.3097593571458543,
    2.0167082893351713,
    1.3050590612697608,
    1.7043143612146379,
    5.099693747140085,
    20.160425636280948,
    4.728469368730273,
    3.1878222116402215,
    4.8468572755654655,
    2.74464470744133
  ],
  "gradient_norms": [
    20.130940225452846,
    16.87853576474386,
    14.234604312996131,
    16.786848651892115,
    40.90264153976838,
    99.35104278178491,
    23.97599536279416,
    22.74010507490644,
    39.0889797408876,
    19.02789090067685
  ],
  "final_global_accuracy": 8.91,
  "best_global_accuracy": 36.89,
  "mean_client_accuracy": 21.110000000000003,
  "mean_fairness_variance": 16.791000000000004,
  "mean_training_loss": 4.910375401576375,
  "mean_gradient_norm": 31.31175843559033,
  "convergence_round": 3,
  "convergence_speed": 0.3
}