{
  "method": "dp_fedavg",
  "dataset": "MNIST",
  "num_clients": 10,
  "global_epochs": 10,
  "round_accuracies": [
    9.3,
    10.14,
    10.19,
    10.35,
    10.14,
    10.33,
    10.15,
    10.94,
    9.6,
    10.68
  ],
  "client_accuracies": [
    [
      33.0,
      11.2
    ],
    [
      11.2,
      8.4
    ],
    [
      9.8,
      7.6
    ],
    [
      9.6,
      8.2
    ],
    [
      10.2,
      11.6
    ],
    [
      10.8,
      9.0
    ],
    [
      12.2,
      9.8
    ],
    [
      9.6,
      11.0
    ],
    [
      10.4,
      10.8
    ],
    [
      7.8,
      10.0
    ]
  ],
  "fairness_variances": [
    118.81,
    1.9599999999999986,
    1.2100000000000013,
    0.4900000000000002,
    0.4900000000000002,
    0.8100000000000006,
    1.4399999999999984,
    0.4900000000000002,
    0.04000000000000007,
    1.2100000000000002
  ],
  "communication_costs": [],
  "training_losses": [
    1.5266170761414937,
    31804119.941666666,
    79378147.73333335,
    107500783.44,
    280359435.20000005,
    384587328.6,
    487909128.0,
    379493836.3428571,
    636054175.4666667,
    526995083.6
  ],
  "gradient_norms": [
    3.1241814221848436,
    3641286.0909136944,
    8341400.002788254,
    11683979.163005734,
    22145122.792710066,
    28745490.92512133,
    31786654.43220842,
    24637002.301006455,
    42510068.59270725,
    35822225.45305494
  ],
  "final_global_accuracy": 10.68,
  "best_global_accuracy": 10.94,
  "mean_client_accuracy": 11.11,
  "mean_fairness_variance": 12.695,
  "mean_training_loss": 291408203.98511404,
  "mean_gradient_norm": 20931323.287769757,
  "convergence_round": 8,
  "convergence_speed": 0.8
}