{
  "method": "dp_fedavg",
  "dataset": "MNIST",
  "num_clients": 10,
  "global_epochs": 10,
  "round_accuracies": [
    15.19,
    9.82,
    9.8,
    20.45,
    26.64,
    22.6,
    53.18,
    43.33,
    50.51,
    57.26
  ],
  "client_accuracies": [
    [
      10.0,
      15.4
    ],
    [
      16.0,
      10.4
    ],
    [
      10.4,
      29.6
    ],
    [
      15.6,
      26.2
    ],
    [
      10.4,
      14.8
    ],
    [
      32.6,
      19.4
    ],
    [
      29.8,
      18.2
    ],
    [
      44.2,
      31.4
    ],
    [
      39.2,
      49.2
    ],
    [
      47.4,
      56.0
    ]
  ],
  "fairness_variances": [
    7.290000000000001,
    7.839999999999999,
    92.16000000000001,
    28.089999999999996,
    4.840000000000001,
    43.56000000000002,
    33.64000000000001,
    40.96000000000002,
    25.0,
    18.49000000000001
  ],
  "communication_costs": [],
  "training_losses": [
    1.8836599171161652,
    2.030090579390526,
    1.602615157763163,
    1.8581099832057955,
    1.531661608815193,
    1.30969125131766,
    1.1918936282396317,
    1.0567712831710065,
    0.9406200063725313,
    1.2136780343949796
  ],
  "gradient_norms": [
    3.0062424576785967,
    4.471668500309223,
    4.182433804294962,
    4.7111181378177385,
    4.145612769480516,
    3.692549133073154,
    3.866637098105433,
    4.259065233377174,
    6.105179452055063,
    8.515206413577207
  ],
  "final_global_accuracy": 57.26,
  "best_global_accuracy": 57.26,
  "mean_client_accuracy": 26.309999999999995,
  "mean_fairness_variance": 30.187000000000005,
  "mean_training_loss": 1.4618791449786652,
  "mean_gradient_norm": 4.695571299976907,
  "convergence_round": 10,
  "convergence_speed": 1.0
}