{
  "method": "dp_fedavg",
  "dataset": "MNIST",
  "num_clients": 10,
  "global_epochs": 10,
  "round_accuracies": [
    10.33,
    13.69,
    9.1,
    11.91,
    10.05,
    14.44,
    15.2,
    19.43,
    13.74,
    12.71
  ],
  "client_accuracies": [
    [
      13.4,
      15.4
    ],
    [
      10.4,
      16.2
    ],
    [
      5.2,
      16.8
    ],
    [
      14.8,
      6.6
    ],
    [
      11.8,
      19.0
    ],
    [
      9.2,
      12.0
    ],
    [
      9.4,
      12.2
    ],
    [
      10.0,
      12.8
    ],
    [
      12.8,
      13.8
    ],
    [
      13.0,
      14.4
    ]
  ],
  "fairness_variances": [
    1.0,
    8.409999999999997,
    33.64,
    16.810000000000006,
    12.959999999999997,
    1.960000000000001,
    1.9599999999999986,
    1.960000000000001,
    0.25,
    0.4900000000000002
  ],
  "communication_costs": [],
  "training_losses": [
    179.7744527186666,
    181.1699472427368,
    220.3441672007243,
    261.6298003387451,
    811.7953603744506,
    3615.113055419922,
    3853.1088823590962,
    5915.380217197963,
    7915.377848307293,
    12498.42504272461
  ],
  "gradient_norms": [
    328.43012103629314,
    506.45141583217173,
    659.6963651706269,
    668.7375303025507,
    1693.652694967388,
    4047.1032088553693,
    4155.048809157391,
    5982.419651003105,
    8777.380737696922,
    11960.106930673865
  ],
  "final_global_accuracy": 12.71,
  "best_global_accuracy": 19.43,
  "mean_client_accuracy": 12.46,
  "mean_fairness_variance": 7.943999999999998,
  "mean_training_loss": 3545.2118773884204,
  "mean_gradient_norm": 3877.9027464695682,
  "convergence_round": 8,
  "convergence_speed": 0.8
}