{
  "method": "dp_fedavg",
  "dataset": "MNIST",
  "num_clients": 10,
  "global_epochs": 10,
  "round_accuracies": [
    9.3,
    10.14,
    10.19,
    10.35,
    10.14,
    10.33,
    10.15,
    10.94,
    9.6,
    10.68
  ],
  "client_accuracies": [
    [
      33.0,
      11.2
    ],
    [
      11.2,
      8.4
    ],
    [
      9.8,
      7.6
    ],
    [
      9.6,
      8.2
    ],
    [
      10.2,
      11.6
    ],
    [
      10.8,
      9.0
    ],
    [
      12.2,
      9.8
    ],
    [
      9.6,
      11.0
    ],
    [
      10.4,
      10.8
    ],
    [
      7.8,
      10.0
    ]
  ],
  "fairness_variances": [
    118.81,
    1.9599999999999986,
    1.2100000000000013,
    0.4900000000000002,
    0.4900000000000002,
    0.8100000000000006,
    1.4399999999999984,
    0.4900000000000002,
    0.04000000000000007,
    1.2100000000000002
  ],
  "communication_costs": [],
  "training_losses": [
    1.526617089339665,
    31804120.075000003,
    79378147.53333333,
    107500785.28,
    280359430.53333336,
    384587334.5333333,
    487908715.6114286,
    379493909.62857145,
    636054129.3333333,
    526995331.0
  ],
  "gradient_norms": [
    3.124181436708347,
    3641286.097638352,
    8341400.000534306,
    11683979.247932628,
    22145122.796731353,
    28745393.074402627,
    31786598.953323126,
    24636892.868077867,
    42510260.95805462,
    35822258.78632521
  ],
  "final_global_accuracy": 10.68,
  "best_global_accuracy": 10.94,
  "mean_client_accuracy": 11.11,
  "mean_fairness_variance": 12.695,
  "mean_training_loss": 291408190.505495,
  "mean_gradient_norm": 20931319.590720154,
  "convergence_round": 8,
  "convergence_speed": 0.8
}