{
  "method": "dp_fedavg",
  "dataset": "MNIST",
  "num_clients": 10,
  "global_epochs": 10,
  "round_accuracies": [
    25.28,
    25.36,
    24.66,
    14.29,
    11.55,
    9.58,
    8.92,
    9.74,
    9.53,
    8.92
  ],
  "client_accuracies": [
    [
      21.6,
      11.8
    ],
    [
      29.2,
      21.8
    ],
    [
      25.8,
      23.4
    ],
    [
      18.6,
      21.4
    ],
    [
      19.6,
      7.8
    ],
    [
      9.8,
      11.6
    ],
    [
      12.0,
      11.6
    ],
    [
      10.8,
      8.8
    ],
    [
      7.2,
      10.6
    ],
    [
      11.4,
      8.2
    ]
  ],
  "fairness_variances": [
    24.010000000000005,
    13.689999999999994,
    1.4400000000000026,
    1.959999999999996,
    34.81000000000001,
    0.8099999999999989,
    0.04000000000000007,
    1.0,
    2.889999999999999,
    2.5600000000000014
  ],
  "communication_costs": [],
  "training_losses": [
    20.536799253736223,
    5.034580882887045,
    5.716393614560365,
    5.235319354534149,
    20.384651068846384,
    39.88042926390966,
    4.494939592906407,
    6.621933398502214,
    16.28631678024928,
    12.70557903945446
  ],
  "gradient_norms": [
    49.509746248910034,
    19.783262958124332,
    23.259560395455726,
    21.613737696126528,
    76.3891360154822,
    177.38623843594615,
    23.03554243629933,
    42.19738983309848,
    76.43219436546876,
    84.5895192784282
  ],
  "final_global_accuracy": 8.92,
  "best_global_accuracy": 25.36,
  "mean_client_accuracy": 15.150000000000002,
  "mean_fairness_variance": 8.321000000000002,
  "mean_training_loss": 13.689694224958618,
  "mean_gradient_norm": 59.419632766333976,
  "convergence_round": 1,
  "convergence_speed": 0.1
}