{
  "method": "dp_fedavg",
  "dataset": "MNIST",
  "num_clients": 10,
  "global_epochs": 10,
  "round_accuracies": [
    24.05,
    22.19,
    29.26,
    35.26,
    15.67,
    18.49,
    30.43,
    36.38,
    33.02,
    22.81
  ],
  "client_accuracies": [
    [
      26.4,
      11.2
    ],
    [
      18.6,
      17.2
    ],
    [
      25.2,
      21.8
    ],
    [
      25.0,
      25.2
    ],
    [
      15.4,
      24.2
    ],
    [
      34.2,
      23.4
    ],
    [
      28.8,
      36.6
    ],
    [
      37.0,
      29.2
    ],
    [
      23.4,
      35.8
    ],
    [
      18.8,
      24.4
    ]
  ],
  "fairness_variances": [
    57.75999999999999,
    0.4900000000000015,
    2.8899999999999975,
    0.009999999999999929,
    19.359999999999996,
    29.16000000000002,
    15.210000000000003,
    15.210000000000003,
    38.43999999999999,
    7.8399999999999945
  ],
  "communication_costs": [],
  "training_losses": [
    2.726778141941343,
    2.2766961261630057,
    1.7204421728849413,
    1.4359943628311158,
    3.5694477255145705,
    8.47272966504097,
    5.783924291815076,
    5.6954039944069725,
    5.014943777521451,
    8.919153091311454
  ],
  "gradient_norms": [
    12.495502843662415,
    14.833053375309145,
    15.41873595589232,
    12.911607012767462,
    27.942738444464435,
    60.24394766469361,
    36.50901459399819,
    41.195416662808626,
    45.926874192603634,
    53.30156359679561
  ],
  "final_global_accuracy": 22.81,
  "best_global_accuracy": 36.38,
  "mean_client_accuracy": 25.089999999999996,
  "mean_fairness_variance": 18.637000000000004,
  "mean_training_loss": 4.56155133494309,
  "mean_gradient_norm": 32.07784543429955,
  "convergence_round": 4,
  "convergence_speed": 0.4
}