{
  "method": "dp_fedavg",
  "dataset": "MNIST",
  "num_clients": 10,
  "global_epochs": 10,
  "round_accuracies": [
    9.22,
    10.15,
    10.2,
    10.35,
    10.3,
    10.33,
    10.22,
    10.3,
    9.77,
    10.72
  ],
  "client_accuracies": [
    [
      33.0,
      11.2
    ],
    [
      11.0,
      8.4
    ],
    [
      10.0,
      7.4
    ],
    [
      9.8,
      8.0
    ],
    [
      9.8,
      11.2
    ],
    [
      11.4,
      9.6
    ],
    [
      12.0,
      9.8
    ],
    [
      10.4,
      12.4
    ],
    [
      9.4,
      8.4
    ],
    [
      8.0,
      9.6
    ]
  ],
  "fairness_variances": [
    118.81,
    1.6899999999999995,
    1.6899999999999995,
    0.8100000000000006,
    0.489999999999999,
    0.8100000000000006,
    1.2099999999999993,
    1.0,
    0.25,
    0.6399999999999997
  ],
  "communication_costs": [],
  "training_losses": [
    1.526617086146559,
    513807553.8666667,
    1299346923.7333333,
    1815198602.2399998,
    4833670429.866667,
    6895319703.466665,
    9231236332.251429,
    7447195657.142858,
    12598779861.333334,
    10142996499.2
  ],
  "gradient_norms": [
    0.0,
    0.0,
    0.0,
    0.0,
    0.0,
    0.0,
    0.0,
    0.0,
    0.0,
    0.0
  ],
  "final_global_accuracy": 10.72,
  "best_global_accuracy": 10.72,
  "mean_client_accuracy": 11.040000000000001,
  "mean_fairness_variance": 12.74,
  "mean_training_loss": 5477755156.462758,
  "mean_gradient_norm": 0.0,
  "convergence_round": 3,
  "convergence_speed": 0.3
}