{
  "method": "dp_fedavg",
  "dataset": "MNIST",
  "num_clients": 10,
  "global_epochs": 10,
  "round_accuracies": [
    9.22,
    10.15,
    10.2,
    10.35,
    10.3,
    10.33,
    10.22,
    10.3,
    9.77,
    10.72
  ],
  "client_accuracies": [
    [
      33.0,
      11.2
    ],
    [
      11.0,
      8.4
    ],
    [
      10.0,
      7.4
    ],
    [
      9.8,
      8.0
    ],
    [
      9.8,
      11.2
    ],
    [
      11.4,
      9.6
    ],
    [
      12.0,
      9.8
    ],
    [
      10.4,
      12.4
    ],
    [
      9.4,
      8.4
    ],
    [
      8.0,
      9.6
    ]
  ],
  "fairness_variances": [
    118.81,
    1.6899999999999995,
    1.6899999999999995,
    0.8100000000000006,
    0.489999999999999,
    0.8100000000000006,
    1.2099999999999993,
    1.0,
    0.25,
    0.6399999999999997
  ],
  "communication_costs": [],
  "training_losses": [
    1.526617089978286,
    513807555.0666666,
    1299346949.3333335,
    1815198602.2399998,
    4833670409.6,
    6895319774.933332,
    9231236298.605715,
    7447195679.999999,
    12598779852.8,
    10142996838.400002
  ],
  "gradient_norms": [
    3.1241814105200305,
    29201513.265784245,
    67254110.33024463,
    96874065.57925886,
    186834718.46768862,
    247486164.8269581,
    273693462.0264343,
    239598423.96975106,
    399512286.4803783,
    351191235.8411765
  ],
  "final_global_accuracy": 10.72,
  "best_global_accuracy": 10.72,
  "mean_client_accuracy": 11.040000000000001,
  "mean_fairness_variance": 12.74,
  "mean_training_loss": 5477755196.2505665,
  "mean_gradient_norm": 189164598.3911856,
  "convergence_round": 3,
  "convergence_speed": 0.3
}