{
  "method": "dp_fedavg",
  "dataset": "MNIST",
  "num_clients": 10,
  "global_epochs": 10,
  "round_accuracies": [
    14.67,
    14.68,
    20.65,
    14.09,
    9.14,
    4.4,
    11.39,
    14.87,
    15.58,
    17.65
  ],
  "client_accuracies": [
    [
      17.0,
      12.4
    ],
    [
      18.0,
      12.0
    ],
    [
      15.2,
      19.0
    ],
    [
      14.2,
      18.4
    ],
    [
      13.2,
      9.8
    ],
    [
      6.2,
      13.4
    ],
    [
      16.8,
      16.2
    ],
    [
      6.6,
      22.8
    ],
    [
      13.8,
      14.6
    ],
    [
      18.0,
      9.8
    ]
  ],
  "fairness_variances": [
    5.289999999999999,
    9.0,
    3.610000000000001,
    4.409999999999998,
    2.8899999999999975,
    12.96,
    0.09000000000000043,
    65.61000000000001,
    0.1599999999999996,
    16.81
  ],
  "communication_costs": [],
  "training_losses": [
    2688.34087405886,
    2387.3177185058594,
    2221.3658803304033,
    3157.4615087890625,
    11964.703674316406,
    96679.09579264323,
    100340.40849888393,
    125205.9154436384,
    139044.521484375,
    256820.7052734375
  ],
  "gradient_norms": [
    2582.7444326771865,
    3075.9932318088995,
    3479.2552823764854,
    4095.6655715995016,
    11563.427221717882,
    46421.268895636575,
    45582.938262811826,
    55628.50285801494,
    82775.58841486843,
    109404.44881862009
  ],
  "final_global_accuracy": 17.65,
  "best_global_accuracy": 20.65,
  "mean_client_accuracy": 14.37,
  "mean_fairness_variance": 12.083000000000002,
  "mean_training_loss": 74050.98361489786,
  "mean_gradient_norm": 36460.98329901318,
  "convergence_round": 3,
  "convergence_speed": 0.3
}