{
  "method": "dp_fedavg",
  "dataset": "MNIST",
  "num_clients": 10,
  "global_epochs": 10,
  "round_accuracies": [
    17.41,
    19.22,
    22.25,
    13.4,
    10.91,
    10.67,
    11.37,
    13.45,
    12.89,
    10.68
  ],
  "client_accuracies": [
    [
      18.0,
      14.4
    ],
    [
      16.2,
      19.6
    ],
    [
      21.4,
      17.4
    ],
    [
      11.8,
      21.8
    ],
    [
      15.0,
      7.8
    ],
    [
      10.2,
      8.2
    ],
    [
      13.6,
      8.6
    ],
    [
      11.6,
      15.6
    ],
    [
      11.0,
      16.4
    ],
    [
      11.8,
      10.8
    ]
  ],
  "fairness_variances": [
    3.2399999999999993,
    2.8900000000000032,
    4.0,
    25.0,
    12.96,
    1.0,
    6.25,
    4.0,
    7.2899999999999965,
    0.25
  ],
  "communication_costs": [],
  "training_losses": [
    42887263692317.08,
    184012763422173.88,
    197450536268595.2,
    170365824563937.3,
    355353073724074.6,
    586083891587754.6,
    864653262988059.8,
    1353648794673386.0,
    1611994954342946.0,
    1724665347597926.5
  ],
  "gradient_norms": [
    105539514140.95633,
    517082136645.57684,
    581701500947.6772,
    452965439028.2189,
    853132059224.047,
    1191522102605.348,
    1443429564444.3892,
    2050927864942.292,
    2444380672587.199,
    2468456469319.4287
  ],
  "final_global_accuracy": 10.68,
  "best_global_accuracy": 22.25,
  "mean_client_accuracy": 14.059999999999999,
  "mean_fairness_variance": 6.688,
  "mean_training_loss": 709111571286117.0,
  "mean_gradient_norm": 1210913732388.5132,
  "convergence_round": 3,
  "convergence_speed": 0.3
}