{
  "method": "dp_fedavg",
  "dataset": "MNIST",
  "num_clients": 10,
  "global_epochs": 10,
  "round_accuracies": [
    31.1,
    20.65,
    34.84,
    39.17,
    19.64,
    27.3,
    20.59,
    19.17,
    12.61,
    10.94
  ],
  "client_accuracies": [
    [
      33.6,
      11.2
    ],
    [
      23.2,
      25.8
    ],
    [
      22.8,
      22.4
    ],
    [
      32.8,
      23.4
    ],
    [
      18.2,
      31.8
    ],
    [
      29.4,
      21.0
    ],
    [
      17.6,
      32.6
    ],
    [
      23.4,
      18.4
    ],
    [
      13.6,
      18.2
    ],
    [
      15.8,
      13.0
    ]
  ],
  "fairness_variances": [
    125.44000000000003,
    1.690000000000002,
    0.040000000000000424,
    22.089999999999993,
    46.24000000000001,
    17.639999999999993,
    56.25,
    6.25,
    5.289999999999999,
    1.960000000000001
  ],
  "communication_costs": [],
  "training_losses": [
    3.1439897511686596,
    2.45802883853515,
    1.8429111659526825,
    1.6545003992319107,
    4.798191131154696,
    11.283966213286234,
    5.334803159875529,
    3.7271368520600454,
    3.8628328661123907,
    2.859636279940605
  ],
  "gradient_norms": [
    16.04120391031584,
    17.60311660295432,
    18.19817484833928,
    15.607301103327996,
    38.326190305810925,
    77.29394370976999,
    34.035385333054414,
    27.982459668598807,
    29.6722291884027,
    19.803261180885215
  ],
  "final_global_accuracy": 10.94,
  "best_global_accuracy": 39.17,
  "mean_client_accuracy": 22.410000000000004,
  "mean_fairness_variance": 28.288999999999998,
  "mean_training_loss": 4.09659966573179,
  "mean_gradient_norm": 29.456326585145952,
  "convergence_round": 4,
  "convergence_speed": 0.4
}