{
  "method": "dp_fedavg",
  "dataset": "MNIST",
  "num_clients": 10,
  "global_epochs": 10,
  "round_accuracies": [
    10.33,
    13.69,
    9.1,
    11.92,
    10.06,
    14.4,
    15.13,
    19.55,
    13.78,
    12.72
  ],
  "client_accuracies": [
    [
      13.4,
      15.4
    ],
    [
      10.4,
      16.2
    ],
    [
      5.2,
      16.8
    ],
    [
      15.0,
      6.6
    ],
    [
      11.8,
      19.0
    ],
    [
      9.2,
      12.0
    ],
    [
      9.4,
      12.0
    ],
    [
      9.8,
      12.8
    ],
    [
      12.8,
      13.8
    ],
    [
      13.0,
      14.4
    ]
  ],
  "fairness_variances": [
    1.0,
    8.409999999999997,
    33.64,
    17.64,
    12.959999999999997,
    1.960000000000001,
    1.6899999999999995,
    2.25,
    0.25,
    0.4900000000000002
  ],
  "communication_costs": [],
  "training_losses": [
    179.7745089198862,
    181.16990156173705,
    220.34184697469078,
    261.62388008117676,
    811.6192337671916,
    3616.097943623861,
    3855.36088936942,
    5910.963545009068,
    7913.629915364583,
    12503.615051269531
  ],
  "gradient_norms": [
    328.43027585589897,
    506.4510985716894,
    659.685917546187,
    668.772510684165,
    1693.528341472327,
    4043.967712020206,
    4152.276663737371,
    5983.957979172514,
    8794.521133021755,
    11957.335789993354
  ],
  "final_global_accuracy": 12.72,
  "best_global_accuracy": 19.55,
  "mean_client_accuracy": 12.45,
  "mean_fairness_variance": 8.029,
  "mean_training_loss": 3545.4196715941143,
  "mean_gradient_norm": 3878.8927422075467,
  "convergence_round": 8,
  "convergence_speed": 0.8
}