{
  "method": "dp_fedavg",
  "dataset": "MNIST",
  "num_clients": 10,
  "global_epochs": 10,
  "round_accuracies": [
    7.93,
    9.07,
    3.68,
    3.52,
    10.41,
    9.09,
    12.79,
    16.37,
    11.45,
    14.87
  ],
  "client_accuracies": [
    [
      13.6,
      10.0
    ],
    [
      10.0,
      10.2
    ],
    [
      5.2,
      12.0
    ],
    [
      11.4,
      6.4
    ],
    [
      5.8,
      16.2
    ],
    [
      8.2,
      9.2
    ],
    [
      7.4,
      4.8
    ],
    [
      6.4,
      10.8
    ],
    [
      10.4,
      11.0
    ],
    [
      13.0,
      15.4
    ]
  ],
  "fairness_variances": [
    3.2399999999999993,
    0.009999999999999929,
    11.559999999999999,
    6.25,
    27.04,
    0.25,
    1.6900000000000008,
    4.840000000000001,
    0.08999999999999989,
    1.4400000000000004
  ],
  "communication_costs": [],
  "training_losses": [
    99579.1729502763,
    88154.08779296876,
    111827.54257812502,
    120165.70171875,
    447068.5961588542,
    1956321.09140625,
    2703633.6563392854,
    4445929.236607143,
    5026293.441666666,
    8856405.9875
  ],
  "gradient_norms": [
    34407.739912911435,
    52086.170271542724,
    67043.28811441173,
    62318.96169482988,
    178817.43498116138,
    499868.44470626826,
    565876.3804892086,
    817917.3476404417,
    1166405.176873012,
    1443620.9520216035
  ],
  "final_global_accuracy": 14.87,
  "best_global_accuracy": 16.37,
  "mean_client_accuracy": 9.870000000000001,
  "mean_fairness_variance": 5.641,
  "mean_training_loss": 2385537.851471832,
  "mean_gradient_norm": 488836.1896705391,
  "convergence_round": 8,
  "convergence_speed": 0.8
}