{
  "method": "dp_fedavg",
  "dataset": "MNIST",
  "num_clients": 10,
  "global_epochs": 10,
  "round_accuracies": [
    9.22,
    10.15,
    10.2,
    10.35,
    10.3,
    10.33,
    10.22,
    10.3,
    9.77,
    10.72
  ],
  "client_accuracies": [
    [
      33.0,
      11.2
    ],
    [
      11.0,
      8.4
    ],
    [
      10.0,
      7.4
    ],
    [
      9.8,
      8.0
    ],
    [
      9.8,
      11.2
    ],
    [
      11.4,
      9.6
    ],
    [
      12.0,
      9.8
    ],
    [
      10.4,
      12.4
    ],
    [
      9.4,
      8.4
    ],
    [
      8.0,
      9.6
    ]
  ],
  "fairness_variances": [
    118.81,
    1.6899999999999995,
    1.6899999999999995,
    0.8100000000000006,
    0.489999999999999,
    0.8100000000000006,
    1.2099999999999993,
    1.0,
    0.25,
    0.6399999999999997
  ],
  "communication_costs": [],
  "training_losses": [
    1.5266170961516243,
    513807555.33333325,
    1299346938.6666667,
    1815198640.6399999,
    4833670402.133333,
    6895319732.266666,
    9231236305.188572,
    7447195652.571429,
    12598779750.4,
    10142996851.2
  ],
  "gradient_norms": [
    3.124181441684981,
    29201513.161042355,
    67254109.78751126,
    96874065.95056608,
    186834718.40080762,
    247486164.9986831,
    273693462.1309681,
    239598424.21094573,
    399512288.8870518,
    351191234.07644075
  ],
  "final_global_accuracy": 10.72,
  "best_global_accuracy": 10.72,
  "mean_client_accuracy": 11.040000000000001,
  "mean_fairness_variance": 12.74,
  "mean_training_loss": 5477755182.992662,
  "mean_gradient_norm": 189164598.47281983,
  "convergence_round": 3,
  "convergence_speed": 0.3
}