{
  "method": "dp_fedavg",
  "dataset": "MNIST",
  "num_clients": 10,
  "global_epochs": 10,
  "round_accuracies": [
    23.25,
    20.46,
    28.91,
    23.64,
    26.46,
    26.72,
    18.76,
    10.12,
    10.48,
    9.08
  ],
  "client_accuracies": [
    [
      24.4,
      13.4
    ],
    [
      28.2,
      19.8
    ],
    [
      15.0,
      22.4
    ],
    [
      33.0,
      20.6
    ],
    [
      20.0,
      27.6
    ],
    [
      27.8,
      34.8
    ],
    [
      9.8,
      20.6
    ],
    [
      16.6,
      11.8
    ],
    [
      12.4,
      10.2
    ],
    [
      12.0,
      12.6
    ]
  ],
  "fairness_variances": [
    30.249999999999993,
    17.639999999999993,
    13.689999999999994,
    38.43999999999999,
    14.440000000000005,
    12.249999999999988,
    29.160000000000004,
    5.760000000000002,
    1.2100000000000013,
    0.08999999999999989
  ],
  "communication_costs": [],
  "training_losses": [
    30.601031924997056,
    21.130978715419772,
    17.758877786000568,
    20.37487135887146,
    89.84739719231924,
    284.2673995653788,
    96.34608737877437,
    26.045516312122345,
    40.954126584529874,
    21.946770963072776
  ],
  "gradient_norms": [
    62.96366927969507,
    56.49108310527369,
    57.4476613189849,
    63.370443397672815,
    187.3345169889841,
    411.2471296567718,
    165.26674398166938,
    121.39909528394338,
    168.2546171389224,
    89.6346276675444
  ],
  "final_global_accuracy": 9.08,
  "best_global_accuracy": 28.91,
  "mean_client_accuracy": 19.650000000000002,
  "mean_fairness_variance": 16.293,
  "mean_training_loss": 64.92730577814862,
  "mean_gradient_norm": 138.3409587819462,
  "convergence_round": 3,
  "convergence_speed": 0.3
}