{
  "method": "dp_fedavg",
  "dataset": "MNIST",
  "num_clients": 10,
  "global_epochs": 10,
  "round_accuracies": [
    30.38,
    28.74,
    35.56,
    37.51,
    30.89,
    20.12,
    10.35,
    9.94,
    10.61,
    8.9
  ],
  "client_accuracies": [
    [
      31.0,
      11.2
    ],
    [
      31.2,
      24.8
    ],
    [
      20.2,
      25.4
    ],
    [
      35.8,
      23.6
    ],
    [
      26.2,
      22.8
    ],
    [
      24.8,
      23.6
    ],
    [
      15.8,
      23.0
    ],
    [
      14.2,
      8.6
    ],
    [
      11.0,
      11.2
    ],
    [
      12.0,
      8.4
    ]
  ],
  "fairness_variances": [
    98.01000000000002,
    10.239999999999995,
    6.759999999999998,
    37.20999999999997,
    2.8899999999999975,
    0.35999999999999954,
    12.959999999999997,
    7.839999999999999,
    0.009999999999999929,
    3.2399999999999993
  ],
  "communication_costs": [],
  "training_losses": [
    3.2280492135456633,
    1.9333958792189758,
    1.2144452040021103,
    1.5480095398426057,
    5.6183940621713795,
    19.703736308589576,
    4.784472329957144,
    3.5745530041200775,
    4.131189610560735,
    2.8846855670213696
  ],
  "gradient_norms": [
    19.468710667413763,
    16.113918569779763,
    13.465215350130054,
    14.924806716328852,
    43.88605639953998,
    102.5611334536907,
    24.856476872434257,
    26.0670802442201,
    32.50745815745219,
    22.617053788116568
  ],
  "final_global_accuracy": 8.9,
  "best_global_accuracy": 37.51,
  "mean_client_accuracy": 20.24,
  "mean_fairness_variance": 17.951999999999995,
  "mean_training_loss": 4.862093071902963,
  "mean_gradient_norm": 31.646791021910623,
  "convergence_round": 4,
  "convergence_speed": 0.4
}