{
  "method": "dp_fedavg",
  "dataset": "MNIST",
  "num_clients": 10,
  "global_epochs": 10,
  "round_accuracies": [
    11.31,
    9.8,
    9.8,
    9.8,
    9.8,
    9.8,
    9.8,
    9.8,
    9.8,
    9.8
  ],
  "client_accuracies": [
    [
      10.0,
      14.2
    ],
    [
      9.8,
      10.4
    ],
    [
      10.4,
      8.8
    ],
    [
      9.2,
      8.8
    ],
    [
      10.4,
      10.2
    ],
    [
      12.6,
      10.4
    ],
    [
      8.8,
      9.2
    ],
    [
      10.2,
      8.8
    ],
    [
      10.4,
      7.8
    ],
    [
      8.8,
      10.2
    ]
  ],
  "fairness_variances": [
    4.409999999999998,
    0.08999999999999989,
    0.6399999999999997,
    0.039999999999999716,
    0.010000000000000106,
    1.2099999999999993,
    0.039999999999999716,
    0.489999999999999,
    1.6900000000000008,
    0.489999999999999
  ],
  "communication_costs": [],
  "training_losses": [
    1.8834255303655352,
    NaN,
    NaN,
    NaN,
    NaN,
    NaN,
    NaN,
    NaN,
    NaN,
    NaN
  ],
  "gradient_norms": [
    2.964752659464227,
    NaN,
    NaN,
    NaN,
    NaN,
    NaN,
    NaN,
    NaN,
    NaN,
    NaN
  ],
  "final_global_accuracy": 9.8,
  "best_global_accuracy": 11.31,
  "mean_client_accuracy": 9.969999999999999,
  "mean_fairness_variance": 0.9109999999999996,
  "mean_training_loss": NaN,
  "mean_gradient_norm": NaN,
  "convergence_round": 1,
  "convergence_speed": 0.1
}