{
  "method": "dp_fedavg",
  "dataset": "MNIST",
  "num_clients": 10,
  "global_epochs": 10,
  "round_accuracies": [
    14.42,
    15.37,
    21.07,
    16.08,
    9.51,
    5.16,
    11.73,
    15.56,
    15.6,
    17.71
  ],
  "client_accuracies": [
    [
      15.4,
      12.6
    ],
    [
      18.6,
      12.6
    ],
    [
      15.2,
      19.0
    ],
    [
      13.8,
      17.8
    ],
    [
      14.0,
      9.4
    ],
    [
      5.6,
      12.2
    ],
    [
      16.4,
      16.0
    ],
    [
      7.8,
      22.8
    ],
    [
      14.2,
      15.6
    ],
    [
      17.4,
      11.6
    ]
  ],
  "fairness_variances": [
    1.960000000000001,
    9.000000000000005,
    3.610000000000001,
    4.0,
    5.289999999999999,
    10.889999999999999,
    0.039999999999999716,
    56.25000000000001,
    0.4900000000000002,
    8.409999999999997
  ],
  "communication_costs": [],
  "training_losses": [
    174.38345707569803,
    165.19038283030193,
    148.49244295756023,
    186.92018531799314,
    713.0568653742472,
    5673.276426696777,
    5662.550261928014,
    7073.729105922153,
    7770.447200520834,
    14402.45693359375
  ],
  "gradient_norms": [
    346.553859432147,
    405.44385486241777,
    445.4443975243525,
    490.1609198357685,
    1330.791489678282,
    5433.024398559671,
    5209.4641482811385,
    6377.718406214732,
    9451.758659756219,
    12449.053401829971
  ],
  "final_global_accuracy": 17.71,
  "best_global_accuracy": 21.07,
  "mean_client_accuracy": 14.4,
  "mean_fairness_variance": 9.994,
  "mean_training_loss": 4197.0503262217335,
  "mean_gradient_norm": 4193.94135359747,
  "convergence_round": 3,
  "convergence_speed": 0.3
}