{
  "method": "dp_fedavg",
  "dataset": "MNIST",
  "num_clients": 10,
  "global_epochs": 30,
  "round_accuracies": [
    12.1,
    14.09,
    15.52,
    15.68,
    9.92,
    9.8,
    13.24,
    18.94,
    15.15,
    16.56,
    20.61,
    23.57,
    21.15,
    12.36,
    10.63,
    12.83,
    18.35,
    21.66,
    15.19,
    16.43,
    18.37,
    29.56,
    34.72,
    37.54,
    32.95,
    32.91,
    34.97,
    34.53,
    34.16,
    35.23
  ],
  "client_accuracies": [
    [
      11.8,
      19.2
    ],
    [
      10.6,
      16.8
    ],
    [
      13.2,
      15.0
    ],
    [
      14.4,
      13.6
    ],
    [
      10.4,
      14.8
    ],
    [
      13.8,
      10.4
    ],
    [
      17.8,
      15.4
    ],
    [
      16.6,
      8.6
    ],
    [
      10.4,
      18.4
    ],
    [
      18.0,
      15.8
    ],
    [
      14.6,
      20.0
    ],
    [
      22.8,
      25.2
    ],
    [
      29.0,
      13.0
    ],
    [
      12.8,
      18.6
    ],
    [
      10.6,
      15.6
    ],
    [
      13.2,
      13.2
    ],
    [
      17.2,
      15.0
    ],
    [
      21.0,
      24.8
    ],
    [
      21.4,
      15.4
    ],
    [
      18.4,
      10.6
    ],
    [
      15.6,
      14.8
    ],
    [
      16.6,
      13.4
    ],
    [
      34.2,
      25.0
    ],
    [
      18.6,
      27.4
    ],
    [
      32.8,
      22.6
    ],
    [
      21.6,
      18.4
    ],
    [
      34.8,
      39.6
    ],
    [
      26.2,
      39.6
    ],
    [
      25.4,
      23.0
    ],
    [
      24.0,
      26.4
    ]
  ],
  "fairness_variances": [
    13.689999999999994,
    9.610000000000003,
    0.8100000000000006,
    0.16000000000000028,
    4.840000000000001,
    2.8900000000000006,
    1.4400000000000004,
    16.000000000000007,
    15.999999999999993,
    1.209999999999999,
    7.290000000000001,
    1.4399999999999984,
    64.0,
    8.410000000000002,
    6.25,
    0.0,
    1.209999999999999,
    3.610000000000001,
    8.999999999999995,
    15.209999999999996,
    0.1599999999999996,
    2.5600000000000014,
    21.160000000000014,
    19.35999999999999,
    26.009999999999977,
    2.5600000000000045,
    5.7600000000000104,
    44.890000000000015,
    1.4399999999999984,
    1.4399999999999984
  ],
  "communication_costs": [],
  "training_losses": [
    2.203796021427427,
    2.2572016855080923,
    2.156296094258626,
    2.2435417628288272,
    2.2002437859773636,
    2.1552906612555187,
    2.123837128537042,
    2.071555326240403,
    2.1373155236244203,
    2.2251170545816423,
    2.2062893986701964,
    2.2899434119462967,
    2.138050265610218,
    2.0443857669830323,
    1.996552900969982,
    2.0313741251826287,
    2.206993102033933,
    1.9281448897719384,
    2.006015150249004,
    2.158320211370786,
    1.9530979245901108,
    2.04060883883919,
    1.9906328355272611,
    2.023575869202614,
    1.9031417015194894,
    1.7408831492066381,
    2.058011344075203,
    1.8899606049060822,
    1.7726107547680536,
    1.6189299230774243
  ],
  "gradient_norms": [
    3.323333337251256,
    4.179156862428254,
    4.445117018247572,
    3.687072922305499,
    3.8725258067166104,
    4.024767730527298,
    3.4784307354242427,
    3.49422907387384,
    5.7366027843153535,
    4.819451805956711,
    4.357982210542676,
    4.578843148037604,
    3.857495116065481,
    4.415253480211742,
    3.893022883042474,
    4.500302217466347,
    5.58252400239806,
    4.447318654415757,
    5.175504089897149,
    7.136469611396493,
    5.333100327923198,
    5.194656973963317,
    6.973360799886586,
    6.553206175800092,
    5.820135878651115,
    6.300315051599892,
    6.177887704394852,
    6.578618422390321,
    6.372483387690882,
    6.689105031698585
  ],
  "final_global_accuracy": 35.23,
  "best_global_accuracy": 37.54,
  "mean_client_accuracy": 18.956666666666667,
  "mean_fairness_variance": 10.280333333333333,
  "mean_training_loss": 2.059057240424648,
  "mean_gradient_norm": 5.033275774817309,
  "convergence_round": 24,
  "convergence_speed": 0.8
}