{
  "method": "dp_fedavg",
  "dataset": "MNIST",
  "num_clients": 10,
  "global_epochs": 30,
  "round_accuracies": [
    11.26,
    9.8,
    9.8,
    9.8,
    9.8,
    9.8,
    9.8,
    9.8,
    9.8,
    9.8,
    9.8,
    9.8,
    9.8,
    9.8,
    9.8,
    9.8,
    9.8,
    9.8,
    9.8,
    9.8,
    9.8,
    9.8,
    9.8,
    9.8,
    9.8,
    9.8,
    9.8,
    9.8,
    9.8,
    9.8
  ],
  "client_accuracies": [
    [
      8.8,
      9.2
    ],
    [
      9.8,
      10.4
    ],
    [
      10.4,
      8.8
    ],
    [
      9.2,
      8.8
    ],
    [
      10.4,
      10.2
    ],
    [
      12.6,
      10.4
    ],
    [
      8.8,
      9.2
    ],
    [
      10.2,
      8.8
    ],
    [
      10.4,
      7.8
    ],
    [
      8.8,
      10.2
    ],
    [
      9.0,
      7.8
    ],
    [
      12.6,
      9.8
    ],
    [
      12.6,
      10.2
    ],
    [
      10.2,
      8.8
    ],
    [
      10.2,
      9.8
    ],
    [
      9.0,
      9.8
    ],
    [
      11.0,
      7.8
    ],
    [
      9.8,
      9.2
    ],
    [
      8.8,
      10.2
    ],
    [
      12.6,
      10.4
    ],
    [
      7.8,
      8.8
    ],
    [
      12.6,
      8.8
    ],
    [
      10.4,
      12.6
    ],
    [
      11.0,
      9.0
    ],
    [
      9.2,
      9.8
    ],
    [
      9.8,
      11.0
    ],
    [
      10.2,
      9.0
    ],
    [
      7.8,
      8.8
    ],
    [
      7.8,
      11.0
    ],
    [
      11.0,
      9.8
    ]
  ],
  "fairness_variances": [
    0.039999999999999716,
    0.08999999999999989,
    0.6399999999999997,
    0.039999999999999716,
    0.010000000000000106,
    1.2099999999999993,
    0.039999999999999716,
    0.489999999999999,
    1.6900000000000008,
    0.489999999999999,
    0.3600000000000001,
    1.9599999999999986,
    1.4400000000000004,
    0.489999999999999,
    0.039999999999999716,
    0.16000000000000028,
    2.5600000000000005,
    0.09000000000000043,
    0.489999999999999,
    1.2099999999999993,
    0.25000000000000044,
    3.6099999999999977,
    1.2099999999999993,
    1.0,
    0.09000000000000043,
    0.3599999999999996,
    0.3599999999999996,
    0.25000000000000044,
    2.5600000000000005,
    0.3599999999999996
  ],
  "communication_costs": [],
  "training_losses": [
    1.8779363581112452,
    NaN,
    NaN,
    NaN,
    NaN,
    NaN,
    NaN,
    NaN,
    NaN,
    NaN,
    NaN,
    NaN,
    NaN,
    NaN,
    NaN,
    NaN,
    NaN,
    NaN,
    NaN,
    NaN,
    NaN,
    NaN,
    NaN,
    NaN,
    NaN,
    NaN,
    NaN,
    NaN,
    NaN,
    NaN
  ],
  "gradient_norms": [
    0.0,
    0.0,
    0.0,
    0.0,
    0.0,
    0.0,
    0.0,
    0.0,
    0.0,
    0.0,
    0.0,
    0.0,
    0.0,
    0.0,
    0.0,
    0.0,
    0.0,
    0.0,
    0.0,
    0.0,
    0.0,
    0.0,
    0.0,
    0.0,
    0.0,
    0.0,
    0.0,
    0.0,
    0.0,
    0.0
  ],
  "final_global_accuracy": 9.8,
  "best_global_accuracy": 11.26,
  "mean_client_accuracy": 9.816666666666666,
  "mean_fairness_variance": 0.786333333333333,
  "mean_training_loss": NaN,
  "mean_gradient_norm": 0.0,
  "convergence_round": 1,
  "convergence_speed": 0.03333333333333333
}