{
  "method": "dp_fedavg",
  "dataset": "MNIST",
  "num_clients": 10,
  "global_epochs": 10,
  "round_accuracies": [
    9.3,
    10.14,
    10.19,
    10.35,
    10.14,
    10.33,
    10.15,
    10.94,
    9.6,
    10.68
  ],
  "client_accuracies": [
    [
      33.0,
      11.2
    ],
    [
      11.2,
      8.4
    ],
    [
      9.8,
      7.6
    ],
    [
      9.6,
      8.2
    ],
    [
      10.2,
      11.6
    ],
    [
      10.8,
      9.0
    ],
    [
      12.2,
      9.8
    ],
    [
      9.6,
      11.0
    ],
    [
      10.4,
      10.8
    ],
    [
      7.8,
      10.0
    ]
  ],
  "fairness_variances": [
    118.81,
    1.9599999999999986,
    1.2100000000000013,
    0.4900000000000002,
    0.4900000000000002,
    0.8100000000000006,
    1.4399999999999984,
    0.4900000000000002,
    0.04000000000000007,
    1.2100000000000002
  ],
  "communication_costs": [],
  "training_losses": [
    1.526617094874382,
    31804120.491666667,
    79378148.79999998,
    107500786.88,
    280359432.6,
    384587331.6,
    487908712.7314285,
    379493872.94285715,
    636054241.8666667,
    526995074.2
  ],
  "gradient_norms": [
    0.0,
    0.0,
    0.0,
    0.0,
    0.0,
    0.0,
    0.0,
    0.0,
    0.0,
    0.0
  ],
  "final_global_accuracy": 10.68,
  "best_global_accuracy": 10.94,
  "mean_client_accuracy": 11.11,
  "mean_fairness_variance": 12.695,
  "mean_training_loss": 291408172.3639236,
  "mean_gradient_norm": 0.0,
  "convergence_round": 8,
  "convergence_speed": 0.8
}