{
  "method": "dp_fedavg",
  "dataset": "MNIST",
  "num_clients": 10,
  "global_epochs": 10,
  "round_accuracies": [
    12.76,
    14.78,
    13.5,
    8.8,
    6.82,
    7.58,
    11.2,
    12.68,
    16.3,
    8.2
  ],
  "client_accuracies": [
    [
      14.6,
      11.2
    ],
    [
      13.0,
      12.0
    ],
    [
      16.0,
      13.0
    ],
    [
      9.4,
      10.8
    ],
    [
      9.8,
      9.8
    ],
    [
      6.2,
      6.8
    ],
    [
      10.6,
      13.0
    ],
    [
      8.2,
      11.4
    ],
    [
      14.2,
      15.0
    ],
    [
      13.4,
      7.8
    ]
  ],
  "fairness_variances": [
    2.8900000000000006,
    0.25,
    2.25,
    0.4900000000000002,
    0.0,
    0.0899999999999999,
    1.4400000000000004,
    2.5600000000000014,
    0.16000000000000028,
    7.840000000000002
  ],
  "communication_costs": [],
  "training_losses": [
    410.50510024343214,
    294.97613194783526,
    231.08904151916505,
    325.96919403076174,
    598.4145794550577,
    2260.6204836527504,
    3696.173642229353,
    6950.186977713449,
    7203.0971557617195,
    8859.307647705078
  ],
  "gradient_norms": [
    0.0,
    0.0,
    0.0,
    0.0,
    0.0,
    0.0,
    0.0,
    0.0,
    0.0,
    0.0
  ],
  "final_global_accuracy": 8.2,
  "best_global_accuracy": 16.3,
  "mean_client_accuracy": 11.309999999999999,
  "mean_fairness_variance": 1.7970000000000006,
  "mean_training_loss": 3083.03399542586,
  "mean_gradient_norm": 0.0,
  "convergence_round": 9,
  "convergence_speed": 0.9
}