{
  "method": "dp_fedavg",
  "dataset": "MNIST",
  "num_clients": 10,
  "global_epochs": 10,
  "round_accuracies": [
    27.03,
    22.04,
    22.83,
    9.4,
    11.22,
    9.59,
    8.92,
    10.09,
    9.74,
    8.92
  ],
  "client_accuracies": [
    [
      24.8,
      11.8
    ],
    [
      24.8,
      23.6
    ],
    [
      15.0,
      21.4
    ],
    [
      9.8,
      24.8
    ],
    [
      24.2,
      7.6
    ],
    [
      8.8,
      12.2
    ],
    [
      12.0,
      11.4
    ],
    [
      11.4,
      9.2
    ],
    [
      11.2,
      10.4
    ],
    [
      11.4,
      7.2
    ]
  ],
  "fairness_variances": [
    42.25,
    0.35999999999999954,
    10.239999999999995,
    56.25,
    68.89,
    2.8899999999999975,
    0.08999999999999989,
    1.2100000000000013,
    0.1599999999999996,
    4.41
  ],
  "communication_costs": [],
  "training_losses": [
    22.35327943563461,
    6.182560496528943,
    4.592312173048655,
    3.672697714567184,
    16.223101191719373,
    25.44466531177362,
    3.5656063079833986,
    14.22447100366865,
    7.463007895151774,
    5.653089180588722
  ],
  "gradient_norms": [
    81.40621767909614,
    36.47048097128383,
    32.923519871026194,
    28.573553365443843,
    115.7696539328045,
    238.44206827983368,
    22.720030726704,
    158.76119662074845,
    119.27563497010225,
    80.60748391773645
  ],
  "final_global_accuracy": 8.92,
  "best_global_accuracy": 27.03,
  "mean_client_accuracy": 14.650000000000002,
  "mean_fairness_variance": 18.675,
  "mean_training_loss": 10.937479071066495,
  "mean_gradient_norm": 91.49498403347793,
  "convergence_round": 1,
  "convergence_speed": 0.1
}