{
  "method": "dp_fedavg",
  "dataset": "MNIST",
  "num_clients": 10,
  "global_epochs": 10,
  "round_accuracies": [
    9.22,
    10.15,
    10.2,
    10.35,
    10.3,
    10.33,
    10.22,
    10.3,
    9.77,
    10.72
  ],
  "client_accuracies": [
    [
      33.0,
      11.2
    ],
    [
      11.0,
      8.4
    ],
    [
      10.0,
      7.4
    ],
    [
      9.8,
      8.0
    ],
    [
      9.8,
      11.2
    ],
    [
      11.4,
      9.6
    ],
    [
      12.0,
      9.8
    ],
    [
      10.4,
      12.4
    ],
    [
      9.4,
      8.4
    ],
    [
      8.0,
      9.6
    ]
  ],
  "fairness_variances": [
    118.81,
    1.6899999999999995,
    1.6899999999999995,
    0.8100000000000006,
    0.489999999999999,
    0.8100000000000006,
    1.2099999999999993,
    1.0,
    0.25,
    0.6399999999999997
  ],
  "communication_costs": [],
  "training_losses": [
    1.5266171112656592,
    513807554.79999995,
    1299346928.0,
    1815198612.48,
    4833670434.133333,
    6895319823.999999,
    9231236349.805714,
    7447195686.400001,
    12598779929.599998,
    10142996684.8
  ],
  "gradient_norms": [
    3.1241814134304153,
    29201513.144101277,
    67254109.9912062,
    96874066.20753042,
    186834718.82871485,
    247486164.20713747,
    273693462.07323074,
    239598424.28597248,
    399512289.78992355,
    351190925.3425665
  ],
  "final_global_accuracy": 10.72,
  "best_global_accuracy": 10.72,
  "mean_client_accuracy": 11.040000000000001,
  "mean_fairness_variance": 12.74,
  "mean_training_loss": 5477755200.554567,
  "mean_gradient_norm": 189164567.6994565,
  "convergence_round": 3,
  "convergence_speed": 0.3
}