{
  "method": "dp_fedavg",
  "dataset": "MNIST",
  "num_clients": 10,
  "global_epochs": 10,
  "round_accuracies": [
    20.96,
    33.88,
    32.87,
    45.24,
    52.38,
    67.72,
    71.92,
    78.56,
    77.06,
    73.33
  ],
  "client_accuracies": [
    [
      33.0,
      11.2
    ],
    [
      24.6,
      22.2
    ],
    [
      25.6,
      27.8
    ],
    [
      46.8,
      27.0
    ],
    [
      44.6,
      61.4
    ],
    [
      63.8,
      44.8
    ],
    [
      49.2,
      73.8
    ],
    [
      66.6,
      67.6
    ],
    [
      64.4,
      68.2
    ],
    [
      53.6,
      76.2
    ]
  ],
  "fairness_variances": [
    118.81,
    1.4400000000000026,
    1.209999999999999,
    98.00999999999998,
    70.55999999999997,
    90.25,
    151.28999999999994,
    0.25,
    3.6099999999999945,
    127.69000000000003
  ],
  "communication_costs": [],
  "training_losses": [
    1.524480999154704,
    1.511445164680481,
    0.9422833857436975,
    0.8465702337026597,
    0.6742648022249341,
    0.4768462831620127,
    0.36201041234391074,
    0.30186951666006023,
    0.284433768359789,
    0.2849151922622696
  ],
  "gradient_norms": [
    3.1491692330188856,
    4.806868748709599,
    4.871297300350659,
    4.2115818665471405,
    4.8008956144866115,
    4.765079449258809,
    3.9514962490238985,
    4.509770749321497,
    4.4472802312786275,
    5.514988149550971
  ],
  "final_global_accuracy": 73.33,
  "best_global_accuracy": 78.56,
  "mean_client_accuracy": 47.620000000000005,
  "mean_fairness_variance": 66.312,
  "mean_training_loss": 0.7209119758294519,
  "mean_gradient_norm": 4.50284275915467,
  "convergence_round": 8,
  "convergence_speed": 0.8
}