{
  "method": "dp_fedavg",
  "dataset": "MNIST",
  "num_clients": 10,
  "global_epochs": 10,
  "round_accuracies": [
    17.9,
    19.4,
    21.16,
    13.14,
    8.69,
    8.59,
    14.85,
    14.23,
    14.43,
    10.77
  ],
  "client_accuracies": [
    [
      17.0,
      13.4
    ],
    [
      15.6,
      18.8
    ],
    [
      20.2,
      19.4
    ],
    [
      11.6,
      20.6
    ],
    [
      16.2,
      5.0
    ],
    [
      9.8,
      10.4
    ],
    [
      11.8,
      8.2
    ],
    [
      13.6,
      13.2
    ],
    [
      12.6,
      16.0
    ],
    [
      11.8,
      9.8
    ]
  ],
  "fairness_variances": [
    3.2399999999999993,
    2.5600000000000014,
    0.16000000000000028,
    20.250000000000007,
    31.359999999999996,
    0.08999999999999989,
    3.2400000000000024,
    0.04000000000000007,
    2.8900000000000006,
    1.0
  ],
  "communication_costs": [],
  "training_losses": [
    23163390.87602236,
    104139077.4,
    102922874.13333333,
    92629837.56,
    183533261.8333333,
    294127888.8,
    420695645.3028571,
    644811821.6,
    884173092.2666667,
    889358812.4
  ],
  "gradient_norms": [
    2177557.4859597716,
    10934361.563606612,
    12009840.104825817,
    9189918.58216611,
    16924529.229352806,
    21642585.378579214,
    26084325.736142546,
    34017249.55234389,
    51446043.418946035,
    48824556.03060161
  ],
  "final_global_accuracy": 10.77,
  "best_global_accuracy": 21.16,
  "mean_client_accuracy": 13.75,
  "mean_fairness_variance": 6.483000000000001,
  "mean_training_loss": 363955570.2172213,
  "mean_gradient_norm": 23325096.70825244,
  "convergence_round": 3,
  "convergence_speed": 0.3
}