{
  "method": "dp_fedavg",
  "dataset": "MNIST",
  "num_clients": 10,
  "global_epochs": 30,
  "round_accuracies": [
    15.63,
    19.64,
    20.7,
    19.67,
    9.8,
    9.8,
    23.36,
    23.03,
    25.25,
    17.93,
    20.2,
    25.47,
    18.35,
    13.27,
    16.36,
    23.96,
    24.64,
    35.45,
    35.32,
    46.32,
    46.74,
    44.45,
    48.37,
    41.99,
    51.86,
    41.5,
    57.3,
    58.96,
    52.5,
    45.37
  ],
  "client_accuracies": [
    [
      8.6,
      19.6
    ],
    [
      15.2,
      23.8
    ],
    [
      10.8,
      13.6
    ],
    [
      13.4,
      12.8
    ],
    [
      10.4,
      15.6
    ],
    [
      12.6,
      10.4
    ],
    [
      8.6,
      15.0
    ],
    [
      9.8,
      11.2
    ],
    [
      10.4,
      23.2
    ],
    [
      27.2,
      11.2
    ],
    [
      15.6,
      28.2
    ],
    [
      29.2,
      21.2
    ],
    [
      27.6,
      18.2
    ],
    [
      19.2,
      18.0
    ],
    [
      20.0,
      21.2
    ],
    [
      29.4,
      22.2
    ],
    [
      12.0,
      16.8
    ],
    [
      21.8,
      16.0
    ],
    [
      37.4,
      30.2
    ],
    [
      41.2,
      43.0
    ],
    [
      35.4,
      48.8
    ],
    [
      47.6,
      25.6
    ],
    [
      31.6,
      49.2
    ],
    [
      17.2,
      40.4
    ],
    [
      20.0,
      30.2
    ],
    [
      32.0,
      23.6
    ],
    [
      51.8,
      55.0
    ],
    [
      50.8,
      58.6
    ],
    [
      50.2,
      29.0
    ],
    [
      30.6,
      34.0
    ]
  ],
  "fairness_variances": [
    30.25000000000001,
    18.490000000000006,
    1.9599999999999986,
    0.08999999999999989,
    6.759999999999998,
    1.2099999999999993,
    10.240000000000002,
    0.489999999999999,
    40.959999999999994,
    64.0,
    39.69,
    16.0,
    22.09000000000001,
    0.35999999999999954,
    0.35999999999999954,
    12.959999999999997,
    5.760000000000002,
    8.410000000000002,
    12.959999999999997,
    0.8099999999999974,
    44.889999999999986,
    121.0,
    77.44000000000001,
    134.56,
    26.009999999999998,
    17.639999999999993,
    2.5600000000000045,
    15.210000000000015,
    112.36000000000003,
    2.8899999999999975
  ],
  "communication_costs": [],
  "training_losses": [
    2.126134698731559,
    2.275367106993993,
    2.0842269480228426,
    2.2020600128173826,
    2.115431073307991,
    2.0429348329703014,
    1.9269317982878005,
    1.8751141584345272,
    1.995661163330078,
    2.075963617861271,
    2.0171880364418033,
    2.0930000990629196,
    1.8884703114628791,
    1.8096214801073076,
    1.6777203977108002,
    1.7800272539258004,
    1.8320074379444122,
    1.477323827147484,
    1.8224992081522942,
    1.792155170937379,
    1.6302426248788833,
    1.544293963909149,
    1.3767865637938181,
    1.5000880916913353,
    1.2961061336100101,
    1.1503462155659994,
    1.6689648479223251,
    1.324197691679001,
    1.181835307677587,
    0.9805306953688463
  ],
  "gradient_norms": [
    3.258152513050435,
    4.658278495236363,
    4.717605557654595,
    3.950988602126451,
    4.112586022804619,
    4.294036946610482,
    3.5651099957617474,
    3.9167088967211026,
    7.150622526221514,
    6.003800904438559,
    5.195596303263942,
    5.5255395522570865,
    4.489967352690804,
    5.7599951243947025,
    4.610955162636416,
    6.096974538651553,
    7.221251889204731,
    5.2788097877970355,
    8.206632789368703,
    10.538684270875411,
    7.873358652299283,
    6.568843973672277,
    8.034966782924323,
    8.28876591219283,
    7.254331478738786,
    7.142600636061466,
    10.204539705189848,
    9.489225748896752,
    7.500103097921856,
    6.562438172667942
  ],
  "final_global_accuracy": 45.37,
  "best_global_accuracy": 58.96,
  "mean_client_accuracy": 25.55666666666667,
  "mean_fairness_variance": 28.280333333333335,
  "mean_training_loss": 1.7521076923249261,
  "mean_gradient_norm": 6.249049046411055,
  "convergence_round": 27,
  "convergence_speed": 0.9
}