{
  "method": "dp_fedavg",
  "dataset": "MNIST",
  "num_clients": 10,
  "global_epochs": 10,
  "round_accuracies": [
    17.9,
    19.4,
    21.16,
    13.14,
    8.69,
    8.59,
    14.85,
    14.23,
    14.43,
    10.77
  ],
  "client_accuracies": [
    [
      17.0,
      13.4
    ],
    [
      15.6,
      18.8
    ],
    [
      20.2,
      19.4
    ],
    [
      11.6,
      20.6
    ],
    [
      16.2,
      5.0
    ],
    [
      9.8,
      10.4
    ],
    [
      11.8,
      8.2
    ],
    [
      13.6,
      13.2
    ],
    [
      12.6,
      16.0
    ],
    [
      11.8,
      9.8
    ]
  ],
  "fairness_variances": [
    3.2399999999999993,
    2.5600000000000014,
    0.16000000000000028,
    20.250000000000007,
    31.359999999999996,
    0.08999999999999989,
    3.2400000000000024,
    0.04000000000000007,
    2.8900000000000006,
    1.0
  ],
  "communication_costs": [],
  "training_losses": [
    23163390.72908807,
    104139078.63333333,
    102922875.06666666,
    92629844.08,
    183533243.26666668,
    294127855.0,
    420695598.42285717,
    644811733.0285714,
    884172972.8000001,
    889358734.0
  ],
  "gradient_norms": [
    2177557.7341719097,
    10934361.541112226,
    12009840.125359826,
    9189974.324899789,
    16924528.34994299,
    21642585.39102854,
    26084324.120373443,
    34017256.68944432,
    51446080.98648453,
    48824753.29132987
  ],
  "final_global_accuracy": 10.77,
  "best_global_accuracy": 21.16,
  "mean_client_accuracy": 13.75,
  "mean_fairness_variance": 6.483000000000001,
  "mean_training_loss": 363955532.5027183,
  "mean_gradient_norm": 23325126.255414743,
  "convergence_round": 3,
  "convergence_speed": 0.3
}