{
  "method": "dp_fedavg",
  "dataset": "MNIST",
  "num_clients": 10,
  "global_epochs": 30,
  "round_accuracies": [
    15.63,
    19.64,
    20.7,
    19.67,
    9.8,
    9.8,
    23.36,
    23.03,
    25.25,
    17.94,
    20.2,
    25.47,
    18.35,
    13.27,
    16.34,
    23.96,
    24.63,
    35.47,
    35.32,
    46.32,
    46.73,
    44.45,
    48.38,
    41.99,
    51.86,
    41.48,
    57.28,
    58.96,
    52.49,
    45.39
  ],
  "client_accuracies": [
    [
      8.6,
      19.6
    ],
    [
      15.2,
      23.8
    ],
    [
      10.8,
      13.6
    ],
    [
      13.4,
      12.8
    ],
    [
      10.4,
      15.6
    ],
    [
      12.6,
      10.4
    ],
    [
      8.6,
      15.0
    ],
    [
      9.8,
      11.2
    ],
    [
      10.4,
      23.2
    ],
    [
      27.2,
      11.2
    ],
    [
      15.6,
      28.2
    ],
    [
      29.2,
      21.2
    ],
    [
      27.6,
      18.2
    ],
    [
      19.2,
      18.0
    ],
    [
      20.0,
      21.4
    ],
    [
      29.4,
      22.2
    ],
    [
      12.0,
      16.8
    ],
    [
      21.8,
      16.0
    ],
    [
      37.4,
      30.2
    ],
    [
      41.2,
      43.0
    ],
    [
      35.4,
      48.8
    ],
    [
      47.6,
      25.6
    ],
    [
      31.6,
      49.2
    ],
    [
      17.2,
      40.4
    ],
    [
      20.0,
      30.2
    ],
    [
      32.0,
      23.6
    ],
    [
      51.8,
      55.0
    ],
    [
      50.8,
      58.6
    ],
    [
      50.2,
      29.0
    ],
    [
      30.6,
      34.0
    ]
  ],
  "fairness_variances": [
    30.25000000000001,
    18.490000000000006,
    1.9599999999999986,
    0.08999999999999989,
    6.759999999999998,
    1.2099999999999993,
    10.240000000000002,
    0.489999999999999,
    40.959999999999994,
    64.0,
    39.69,
    16.0,
    22.09000000000001,
    0.35999999999999954,
    0.489999999999999,
    12.959999999999997,
    5.760000000000002,
    8.410000000000002,
    12.959999999999997,
    0.8099999999999974,
    44.889999999999986,
    121.0,
    77.44000000000001,
    134.56,
    26.009999999999998,
    17.639999999999993,
    2.5600000000000045,
    15.210000000000015,
    112.36000000000003,
    2.8899999999999975
  ],
  "communication_costs": [],
  "training_losses": [
    2.126134662117277,
    2.275367083152135,
    2.084226975838343,
    2.2020599985122677,
    2.1154310832420986,
    2.042935761809349,
    1.926931712116514,
    1.8751152283379011,
    1.995660259326299,
    2.075967472791672,
    2.0171578735113145,
    2.0931011959910393,
    1.8884811252355576,
    1.8096435159444808,
    1.677754747867584,
    1.7800236776471139,
    1.8320267657438913,
    1.4773916241526606,
    1.822645927965641,
    1.792268172899882,
    1.6303402721881866,
    1.5443627542683056,
    1.3768908639748891,
    1.5000844717025759,
    1.2960939154028892,
    1.1504361254473527,
    1.6689253643155098,
    1.3240374714136123,
    1.1818915526072185,
    0.9806938836971919
  ],
  "gradient_norms": [
    3.2581525111643304,
    4.658278474056273,
    4.717605729144793,
    3.9509884502444566,
    4.11258629294478,
    4.294039104986938,
    3.565108946136852,
    3.916794993144424,
    7.150600105077732,
    6.003768889463954,
    5.1950441657879365,
    5.5256405797965895,
    4.490579546435839,
    5.759199057822627,
    4.610827833864526,
    6.096985990544326,
    7.220708474976137,
    5.278489283689699,
    8.207857056736492,
    10.538493420797888,
    7.871305506563843,
    6.568410363174407,
    8.035638328187169,
    8.289677541513498,
    7.25513094011007,
    7.144941759534328,
    10.204919118754876,
    9.490297573900675,
    7.502611940233996,
    6.565945029870962
  ],
  "final_global_accuracy": 45.39,
  "best_global_accuracy": 58.96,
  "mean_client_accuracy": 25.56,
  "mean_fairness_variance": 28.28466666666667,
  "mean_training_loss": 1.7521360513073583,
  "mean_gradient_norm": 6.2493542336220145,
  "convergence_round": 27,
  "convergence_speed": 0.9
}