{
  "method": "fedaddp",
  "dataset": "MNIST",
  "num_clients": 10,
  "global_epochs": 30,
  "round_accuracies": [
    10.34,
    9.86,
    9.8,
    15.39,
    14.84,
    9.8,
    13.58,
    20.24,
    24.43,
    23.71,
    18.24,
    25.58,
    18.77,
    15.95,
    19.99,
    23.73,
    11.35,
    8.79,
    15.12,
    11.39,
    11.42,
    11.3,
    14.54,
    16.82,
    8.4,
    10.9,
    4.87,
    12.18,
    12.5,
    14.79
  ],
  "client_accuracies": [
    [
      17.8,
      19.4
    ],
    [
      13.2,
      10.4
    ],
    [
      10.4,
      17.6
    ],
    [
      15.2,
      13.4
    ],
    [
      10.4,
      11.4
    ],
    [
      14.6,
      10.4
    ],
    [
      10.0,
      7.8
    ],
    [
      29.0,
      19.4
    ],
    [
      17.0,
      15.6
    ],
    [
      29.0,
      9.6
    ],
    [
      10.2,
      13.6
    ],
    [
      18.4,
      14.2
    ],
    [
      11.0,
      13.8
    ],
    [
      19.2,
      12.0
    ],
    [
      9.8,
      20.2
    ],
    [
      12.0,
      17.6
    ],
    [
      11.2,
      12.2
    ],
    [
      12.2,
      12.8
    ],
    [
      9.0,
      18.2
    ],
    [
      8.0,
      11.6
    ],
    [
      11.6,
      13.0
    ],
    [
      9.2,
      11.2
    ],
    [
      21.8,
      14.0
    ],
    [
      14.6,
      11.0
    ],
    [
      12.0,
      9.6
    ],
    [
      10.2,
      14.4
    ],
    [
      12.0,
      17.8
    ],
    [
      10.0,
      15.4
    ],
    [
      18.6,
      12.0
    ],
    [
      16.6,
      18.2
    ]
  ],
  "fairness_variances": [
    0.6399999999999983,
    1.9599999999999986,
    12.960000000000004,
    0.8099999999999989,
    0.25,
    4.409999999999998,
    1.2100000000000002,
    23.040000000000006,
    0.4900000000000002,
    94.09,
    2.8900000000000006,
    4.409999999999998,
    1.960000000000001,
    12.959999999999997,
    27.039999999999992,
    7.840000000000004,
    0.25,
    0.09000000000000043,
    21.159999999999997,
    3.2399999999999993,
    0.4900000000000002,
    1.0,
    15.210000000000003,
    3.2399999999999993,
    1.4400000000000004,
    4.410000000000002,
    8.410000000000002,
    7.290000000000001,
    10.890000000000004,
    0.6399999999999983
  ],
  "communication_costs": [],
  "training_losses": [
    1.9602245943886893,
    2.0061997175216675,
    1.6921042998631797,
    1.9852324604988099,
    1.6824918339649835,
    1.8544000436862311,
    1.5798520322356906,
    1.6775159665516446,
    1.8878141293923059,
    2.6984436959028244,
    2.0693926960229874,
    1.9461194798350334,
    2.315631076693535,
    2.1459510028362274,
    2.7498991042375565,
    3.4799323230981827,
    2.571605622768402,
    6.620064133405686,
    11.670423537492752,
    13.986042310794195,
    59.282341718673706,
    27.250717571803502,
    62.7759317557017,
    18.234742720921837,
    12.72433580160141,
    24.00402671098709,
    11.500279605388641,
    17.777886033058167,
    21.603898207346596,
    79.4619371096293
  ],
  "gradient_norms": [
    0.0,
    0.0,
    0.0,
    0.0,
    0.0,
    0.0,
    0.0,
    0.0,
    0.0,
    0.0,
    0.0,
    0.0,
    0.0,
    0.0,
    0.0,
    0.0,
    0.0,
    0.0,
    0.0,
    0.0,
    0.0,
    0.0,
    0.0,
    0.0,
    0.0,
    0.0,
    0.0,
    0.0,
    0.0,
    0.0
  ],
  "final_global_accuracy": 14.79,
  "best_global_accuracy": 25.58,
  "mean_client_accuracy": 14.033333333333333,
  "mean_fairness_variance": 9.157333333333332,
  "mean_training_loss": 13.439847909876752,
  "mean_gradient_norm": 0.0,
  "convergence_round": 9,
  "convergence_speed": 0.3
}