{
  "method": "fedaddp",
  "dataset": "MNIST",
  "num_clients": 10,
  "global_epochs": 30,
  "round_accuracies": [
    15.02,
    12.52,
    9.81,
    20.42,
    13.15,
    9.8,
    9.8,
    10.4,
    10.33,
    31.95,
    24.45,
    21.36,
    16.27,
    12.67,
    11.6,
    27.14,
    44.22,
    39.41,
    41.87,
    50.1,
    36.78,
    43.51,
    44.37,
    53.09,
    54.97,
    46.99,
    53.11,
    49.09,
    50.99,
    47.02
  ],
  "client_accuracies": [
    [
      20.2,
      17.8
    ],
    [
      14.0,
      10.4
    ],
    [
      10.4,
      23.0
    ],
    [
      15.8,
      22.6
    ],
    [
      10.4,
      9.8
    ],
    [
      18.4,
      10.4
    ],
    [
      8.8,
      19.2
    ],
    [
      19.0,
      9.0
    ],
    [
      10.4,
      26.8
    ],
    [
      28.2,
      27.2
    ],
    [
      16.8,
      38.6
    ],
    [
      23.2,
      17.6
    ],
    [
      19.8,
      21.2
    ],
    [
      22.8,
      19.6
    ],
    [
      10.0,
      23.0
    ],
    [
      31.0,
      21.6
    ],
    [
      32.8,
      44.4
    ],
    [
      28.6,
      39.0
    ],
    [
      39.2,
      50.4
    ],
    [
      34.0,
      39.8
    ],
    [
      31.8,
      35.2
    ],
    [
      37.6,
      44.4
    ],
    [
      25.4,
      39.6
    ],
    [
      50.0,
      45.0
    ],
    [
      37.0,
      43.0
    ],
    [
      38.4,
      46.2
    ],
    [
      48.8,
      46.8
    ],
    [
      41.0,
      31.6
    ],
    [
      39.8,
      43.2
    ],
    [
      39.6,
      34.0
    ]
  ],
  "fairness_variances": [
    1.4399999999999984,
    3.2399999999999993,
    39.69,
    11.560000000000002,
    0.08999999999999989,
    15.999999999999993,
    27.039999999999992,
    25.0,
    67.24000000000001,
    0.25,
    118.81,
    7.8399999999999945,
    0.489999999999999,
    2.5599999999999987,
    42.25,
    22.089999999999993,
    33.64000000000001,
    27.039999999999992,
    31.359999999999978,
    8.409999999999991,
    2.8900000000000032,
    11.55999999999999,
    50.41000000000002,
    6.25,
    9.0,
    15.210000000000015,
    1.0,
    22.089999999999996,
    2.8900000000000095,
    7.840000000000003
  ],
  "communication_costs": [],
  "training_losses": [
    1.9602246199335371,
    2.0174446602662406,
    1.8564292192459106,
    2.0141669511795044,
    1.7404643396536508,
    1.7731365909179053,
    1.6392920140709195,
    1.707612457019942,
    1.8842525084813437,
    2.1494411304593086,
    1.9571296572685242,
    1.7431110814213753,
    1.7064029201865196,
    1.7592185586690903,
    1.6667804047465324,
    1.7707425653934479,
    1.642999971906344,
    1.3853355079889298,
    1.7961944341659546,
    1.3535792045295238,
    1.5445855557918549,
    1.5720037605081285,
    1.2875815158089003,
    1.6269234716892242,
    1.2673670798540115,
    1.2179055077334247,
    1.444422647356987,
    1.137947753071785,
    1.4597001572450004,
    1.1057184860110283
  ],
  "gradient_norms": [
    0.0,
    0.0,
    0.0,
    0.0,
    0.0,
    0.0,
    0.0,
    0.0,
    0.0,
    0.0,
    0.0,
    0.0,
    0.0,
    0.0,
    0.0,
    0.0,
    0.0,
    0.0,
    0.0,
    0.0,
    0.0,
    0.0,
    0.0,
    0.0,
    0.0,
    0.0,
    0.0,
    0.0,
    0.0,
    0.0
  ],
  "final_global_accuracy": 47.02,
  "best_global_accuracy": 54.97,
  "mean_client_accuracy": 28.393333333333324,
  "mean_fairness_variance": 20.506000000000004,
  "mean_training_loss": 1.6396038244191617,
  "mean_gradient_norm": 0.0,
  "convergence_round": 24,
  "convergence_speed": 0.8
}