{
  "method": "fedaddp",
  "dataset": "MNIST",
  "num_clients": 10,
  "global_epochs": 30,
  "round_accuracies": [
    10.39,
    9.81,
    9.8,
    27.66,
    20.79,
    19.28,
    18.2,
    12.25,
    27.68,
    23.49,
    27.97,
    17.9,
    20.55,
    16.29,
    14.89,
    18.34,
    18.87,
    17.63,
    15.02,
    15.7,
    17.33,
    24.65,
    19.09,
    16.5,
    15.26,
    10.79,
    17.4,
    14.92,
    18.36,
    14.91
  ],
  "client_accuracies": [
    [
      17.0,
      11.8
    ],
    [
      11.8,
      10.4
    ],
    [
      10.4,
      16.4
    ],
    [
      14.2,
      20.4
    ],
    [
      10.4,
      17.4
    ],
    [
      11.0,
      15.0
    ],
    [
      18.2,
      16.4
    ],
    [
      22.6,
      14.2
    ],
    [
      17.6,
      16.4
    ],
    [
      14.2,
      26.2
    ],
    [
      19.8,
      21.2
    ],
    [
      9.6,
      12.8
    ],
    [
      10.2,
      22.4
    ],
    [
      15.8,
      12.0
    ],
    [
      12.4,
      10.4
    ],
    [
      17.4,
      15.6
    ],
    [
      12.4,
      13.6
    ],
    [
      10.8,
      12.4
    ],
    [
      14.6,
      17.0
    ],
    [
      6.6,
      5.0
    ],
    [
      13.4,
      13.6
    ],
    [
      12.4,
      16.6
    ],
    [
      24.0,
      15.0
    ],
    [
      16.6,
      14.8
    ],
    [
      13.8,
      12.0
    ],
    [
      9.6,
      12.8
    ],
    [
      22.0,
      16.2
    ],
    [
      17.4,
      9.6
    ],
    [
      10.0,
      13.8
    ],
    [
      11.8,
      18.8
    ]
  ],
  "fairness_variances": [
    6.759999999999998,
    0.4900000000000002,
    8.999999999999995,
    9.609999999999998,
    12.249999999999993,
    4.0,
    0.8100000000000006,
    17.640000000000008,
    0.3600000000000017,
    36.0,
    0.489999999999999,
    2.5600000000000014,
    37.209999999999994,
    3.610000000000001,
    1.0,
    0.8099999999999989,
    0.3599999999999996,
    0.6399999999999997,
    1.4400000000000004,
    0.6399999999999997,
    0.009999999999999929,
    4.410000000000002,
    20.25,
    0.8100000000000006,
    0.8100000000000006,
    2.5600000000000014,
    8.410000000000002,
    15.209999999999996,
    3.610000000000001,
    12.25
  ],
  "communication_costs": [],
  "training_losses": [
    1.9813992040497916,
    2.02818463742733,
    1.779034992059072,
    2.0435751616954803,
    1.7874135648210845,
    1.7304784804582596,
    1.6707211196422578,
    1.9139475183827537,
    2.266186997294426,
    2.5547646433115005,
    2.2982834726572037,
    2.256929039955139,
    2.35561066865921,
    1.9062515571713448,
    1.8790350407361984,
    2.2940389439463615,
    4.039021919171016,
    2.895064763724804,
    6.0651275515556335,
    3.6819950987895327,
    4.357530891895294,
    3.0575923387493407,
    3.3075228085120516,
    2.804350773493449,
    3.122082820534706,
    2.8425998141368227,
    6.728776589035988,
    5.974793165922165,
    3.093679527441661,
    3.0963681166370707
  ],
  "gradient_norms": [
    0.0,
    0.0,
    0.0,
    0.0,
    0.0,
    0.0,
    0.0,
    0.0,
    0.0,
    0.0,
    0.0,
    0.0,
    0.0,
    0.0,
    0.0,
    0.0,
    0.0,
    0.0,
    0.0,
    0.0,
    0.0,
    0.0,
    0.0,
    0.0,
    0.0,
    0.0,
    0.0,
    0.0,
    0.0,
    0.0
  ],
  "final_global_accuracy": 14.91,
  "best_global_accuracy": 27.97,
  "mean_client_accuracy": 14.636666666666665,
  "mean_fairness_variance": 7.1336666666666675,
  "mean_training_loss": 2.927078707395565,
  "mean_gradient_norm": 0.0,
  "convergence_round": 4,
  "convergence_speed": 0.13333333333333333
}