{
  "method": "fedavg",
  "dataset": "MNIST",
  "num_clients": 10,
  "global_epochs": 10,
  "round_accuracies": [
    15.19,
    9.82,
    9.8,
    20.45,
    26.64,
    22.6,
    53.18,
    43.33,
    50.51,
    57.26
  ],
  "client_accuracies": [
    [
      10.0,
      15.4
    ],
    [
      16.0,
      10.4
    ],
    [
      10.4,
      29.6
    ],
    [
      15.6,
      26.2
    ],
    [
      10.4,
      14.8
    ],
    [
      32.6,
      19.4
    ],
    [
      29.8,
      18.2
    ],
    [
      44.2,
      31.4
    ],
    [
      39.2,
      49.2
    ],
    [
      47.4,
      56.0
    ]
  ],
  "fairness_variances": [
    7.290000000000001,
    7.839999999999999,
    92.16000000000001,
    28.089999999999996,
    4.840000000000001,
    43.56000000000002,
    33.64000000000001,
    40.96000000000002,
    25.0,
    18.49000000000001
  ],
  "communication_costs": [],
  "training_losses": [
    1.883659910304206,
    2.0300905754168825,
    1.6026151299476623,
    1.858109962940216,
    1.531661612292131,
    1.3096912565330663,
    1.191893517630441,
    1.0567712170737131,
    0.9406224355101586,
    1.213675555586815
  ],
  "gradient_norms": [
    0.0,
    0.0,
    0.0,
    0.0,
    0.0,
    0.0,
    0.0,
    0.0,
    0.0,
    0.0
  ],
  "final_global_accuracy": 57.26,
  "best_global_accuracy": 57.26,
  "mean_client_accuracy": 26.309999999999995,
  "mean_fairness_variance": 30.187000000000005,
  "mean_training_loss": 1.4618791173235295,
  "mean_gradient_norm": 0.0,
  "convergence_round": 10,
  "convergence_speed": 1.0
}