{
  "method": "fedaddp",
  "dataset": "MNIST",
  "num_clients": 10,
  "global_epochs": 30,
  "round_accuracies": [
    10.34,
    9.86,
    9.8,
    15.31,
    14.86,
    9.8,
    14.67,
    20.45,
    24.44,
    23.49,
    16.02,
    25.25,
    11.35,
    24.58,
    18.7,
    22.22,
    11.35,
    8.64,
    22.01,
    11.64,
    10.98,
    11.17,
    14.25,
    17.83,
    9.78,
    13.86,
    5.77,
    11.4,
    13.29,
    13.67
  ],
  "client_accuracies": [
    [
      17.8,
      19.4
    ],
    [
      13.2,
      10.4
    ],
    [
      10.4,
      17.6
    ],
    [
      15.2,
      13.6
    ],
    [
      10.4,
      11.2
    ],
    [
      14.8,
      10.4
    ],
    [
      10.6,
      7.8
    ],
    [
      28.4,
      19.2
    ],
    [
      18.2,
      15.2
    ],
    [
      28.2,
      10.0
    ],
    [
      11.2,
      11.4
    ],
    [
      14.6,
      19.6
    ],
    [
      10.4,
      16.8
    ],
    [
      19.4,
      11.2
    ],
    [
      10.4,
      17.2
    ],
    [
      11.6,
      16.8
    ],
    [
      11.2,
      14.2
    ],
    [
      11.8,
      12.2
    ],
    [
      10.4,
      19.6
    ],
    [
      8.4,
      11.6
    ],
    [
      14.2,
      12.8
    ],
    [
      9.2,
      11.2
    ],
    [
      24.2,
      13.0
    ],
    [
      15.8,
      8.6
    ],
    [
      13.0,
      11.4
    ],
    [
      10.4,
      13.4
    ],
    [
      15.6,
      17.4
    ],
    [
      12.0,
      15.6
    ],
    [
      18.2,
      13.6
    ],
    [
      16.4,
      17.2
    ]
  ],
  "fairness_variances": [
    0.6399999999999983,
    1.9599999999999986,
    12.960000000000004,
    0.6399999999999997,
    0.1599999999999996,
    4.840000000000001,
    1.9599999999999997,
    21.159999999999997,
    2.25,
    82.81,
    0.010000000000000106,
    6.250000000000004,
    10.240000000000002,
    16.81,
    11.559999999999995,
    6.760000000000003,
    2.25,
    0.039999999999999716,
    21.160000000000004,
    2.5599999999999987,
    0.489999999999999,
    1.0,
    31.359999999999996,
    12.960000000000004,
    0.6399999999999997,
    2.25,
    0.8099999999999989,
    3.2399999999999993,
    5.289999999999999,
    0.16000000000000028
  ],
  "communication_costs": [],
  "training_losses": [
    1.9600470066070557,
    2.0059121002753577,
    1.6913820107777915,
    1.9842472791671752,
    1.6819022397200265,
    1.8499798327684402,
    1.5811168934617723,
    1.6868635160582406,
    1.8717911740144095,
    2.659347765147686,
    1.9480216652154922,
    1.8559948354959488,
    2.1302591115236282,
    2.0487614944577217,
    2.551202304661274,
    3.276660069823265,
    2.7594602704048157,
    6.997390732169151,
    11.74253774434328,
    13.443970031725863,
    56.40431201457977,
    27.90341774906431,
    83.33915265401204,
    21.11507785320282,
    14.452592992782593,
    23.245829602082573,
    9.955696672201157,
    16.25064980983734,
    23.942588567733765,
    66.45711008707681
  ],
  "gradient_norms": [
    0.0,
    0.0,
    0.0,
    0.0,
    0.0,
    0.0,
    0.0,
    0.0,
    0.0,
    0.0,
    0.0,
    0.0,
    0.0,
    0.0,
    0.0,
    0.0,
    0.0,
    0.0,
    0.0,
    0.0,
    0.0,
    0.0,
    0.0,
    0.0,
    0.0,
    0.0,
    0.0,
    0.0,
    0.0,
    0.0
  ],
  "final_global_accuracy": 13.67,
  "best_global_accuracy": 25.25,
  "mean_client_accuracy": 14.253333333333332,
  "mean_fairness_variance": 8.840666666666667,
  "mean_training_loss": 13.69310920267972,
  "mean_gradient_norm": 0.0,
  "convergence_round": 9,
  "convergence_speed": 0.3
}