{
  "method": "fedavg",
  "dataset": "MNIST",
  "num_clients": 10,
  "global_epochs": 10,
  "round_accuracies": [
    34.91,
    31.51,
    32.93,
    46.69,
    62.48,
    74.79,
    67.68,
    80.48,
    82.01,
    79.07
  ],
  "client_accuracies": [
    [
      31.4,
      14.0
    ],
    [
      20.8,
      31.2
    ],
    [
      31.0,
      27.6
    ],
    [
      40.0,
      28.6
    ],
    [
      48.6,
      58.6
    ],
    [
      69.2,
      58.2
    ],
    [
      43.4,
      70.6
    ],
    [
      79.2,
      70.6
    ],
    [
      75.6,
      60.2
    ],
    [
      67.0,
      78.4
    ]
  ],
  "fairness_variances": [
    75.68999999999998,
    27.039999999999992,
    2.8899999999999975,
    32.489999999999995,
    25.0,
    30.25,
    184.95999999999992,
    18.490000000000038,
    59.289999999999935,
    32.49000000000003
  ],
  "communication_costs": [],
  "training_losses": [
    1.5836557430880411,
    1.439186954498291,
    1.0389766116937003,
    1.0567701625823975,
    0.7121698405050363,
    0.5093328137571613,
    0.3887646174856595,
    0.28803431330514806,
    0.31383788951983055,
    0.26177964080125093
  ],
  "gradient_norms": [
    0.0,
    0.0,
    0.0,
    0.0,
    0.0,
    0.0,
    0.0,
    0.0,
    0.0,
    0.0
  ],
  "final_global_accuracy": 79.07,
  "best_global_accuracy": 82.01,
  "mean_client_accuracy": 50.209999999999994,
  "mean_fairness_variance": 48.85899999999998,
  "mean_training_loss": 0.7592508587236517,
  "mean_gradient_norm": 0.0,
  "convergence_round": 8,
  "convergence_speed": 0.8
}