{
  "method": "our_method",
  "dataset": "MNIST",
  "num_clients": 10,
  "global_epochs": 10,
  "round_accuracies": [
    13.43,
    14.76,
    7.89,
    8.89,
    8.92,
    10.09,
    8.92,
    8.92,
    8.92,
    8.92
  ],
  "client_accuracies": [
    [
      6.4,
      24.8
    ],
    [
      27.6,
      15.6
    ],
    [
      11.0,
      17.0
    ],
    [
      12.4,
      9.4
    ],
    [
      9.0,
      8.2
    ],
    [
      9.8,
      8.6
    ],
    [
      8.4,
      8.0
    ],
    [
      8.2,
      8.2
    ],
    [
      8.6,
      8.2
    ],
    [
      7.6,
      8.2
    ]
  ],
  "fairness_variances": [
    84.64,
    36.000000000000014,
    9.0,
    2.25,
    0.16000000000000028,
    0.36000000000000065,
    0.04000000000000007,
    0.0,
    0.04000000000000007,
    0.0899999999999999
  ],
  "communication_costs": [],
  "training_losses": [
    61.63129602372646,
    4.540599980524608,
    2.3002760955265593,
    2.633253855790411,
    3.3978869318962097,
    51.12264832556248,
    11.801408731937407,
    55.20739548312766,
    47.759663636556695,
    14.300716816101756
  ],
  "gradient_norms": [
    118.08258145660437,
    18.1829518032672,
    11.301889885550725,
    13.065901454492703,
    24.21229624042499,
    200.335412776673,
    162.97993010960545,
    471.89274841520177,
    628.0314899722596,
    228.19153841522456
  ],
  "final_global_accuracy": 8.92,
  "best_global_accuracy": 14.76,
  "mean_client_accuracy": 11.26,
  "mean_fairness_variance": 13.258000000000001,
  "mean_training_loss": 25.469514588075022,
  "mean_gradient_norm": 187.62767405293044,
  "convergence_round": 2,
  "convergence_speed": 0.2
}