{
  "method": "our_method",
  "dataset": "MNIST",
  "num_clients": 10,
  "global_epochs": 10,
  "round_accuracies": [
    18.82,
    40.22,
    27.55,
    20.15,
    13.16,
    10.67,
    24.84,
    6.26,
    8.92,
    8.92
  ],
  "client_accuracies": [
    [
      12.8,
      15.4
    ],
    [
      34.4,
      44.8
    ],
    [
      38.2,
      35.2
    ],
    [
      17.6,
      28.8
    ],
    [
      14.4,
      19.0
    ],
    [
      7.8,
      10.0
    ],
    [
      14.2,
      28.8
    ],
    [
      15.4,
      8.2
    ],
    [
      8.2,
      8.2
    ],
    [
      8.4,
      8.4
    ]
  ],
  "fairness_variances": [
    1.6899999999999995,
    27.039999999999992,
    2.25,
    31.359999999999996,
    5.289999999999999,
    1.2100000000000002,
    53.29000000000001,
    12.960000000000004,
    0.0,
    0.0
  ],
  "communication_costs": [],
  "training_losses": [
    99.04142780900003,
    22.52814983172076,
    9.18267231902906,
    18.821842675549643,
    83.75250370502471,
    795.8866619382586,
    902.3492962973457,
    829.3085792401007,
    66.47883955729858,
    10.61905861305339
  ],
  "gradient_norms": [
    206.56189954351944,
    92.25721608141922,
    60.30373077267945,
    96.17573509880074,
    245.6968697308766,
    1104.2805452040652,
    1419.9297538998387,
    1351.2030867025492,
    389.5906683195507,
    134.70644360799258
  ],
  "final_global_accuracy": 8.92,
  "best_global_accuracy": 40.22,
  "mean_client_accuracy": 18.91,
  "mean_fairness_variance": 13.509,
  "mean_training_loss": 283.7969031986382,
  "mean_gradient_norm": 510.07059489612914,
  "convergence_round": 2,
  "convergence_speed": 0.2
}