{
  "method": "our_method",
  "dataset": "MNIST",
  "num_clients": 10,
  "global_epochs": 10,
  "round_accuracies": [
    19.15,
    31.07,
    16.78,
    16.14,
    8.41,
    10.28,
    8.92,
    8.92,
    8.92,
    8.92
  ],
  "client_accuracies": [
    [
      12.8,
      15.8
    ],
    [
      32.6,
      41.8
    ],
    [
      27.2,
      21.0
    ],
    [
      17.2,
      16.0
    ],
    [
      8.6,
      12.4
    ],
    [
      9.8,
      9.0
    ],
    [
      9.4,
      8.2
    ],
    [
      9.4,
      8.0
    ],
    [
      8.2,
      9.4
    ],
    [
      8.2,
      7.2
    ]
  ],
  "fairness_variances": [
    2.25,
    21.159999999999982,
    9.609999999999998,
    0.35999999999999954,
    3.610000000000001,
    0.16000000000000028,
    0.36000000000000065,
    0.4900000000000002,
    0.36000000000000065,
    0.24999999999999956
  ],
  "communication_costs": [],
  "training_losses": [
    99.41037556827068,
    21.07192593557494,
    10.84823124408722,
    61.99933058534349,
    253.17585869431497,
    88.22367084622383,
    11.92642822946821,
    7.761599749965327,
    5.570613933886801,
    10.02692862706525
  ],
  "gradient_norms": [
    206.91125748526161,
    84.61572883670569,
    60.88946728830109,
    182.2052200014869,
    445.87496825413876,
    331.562492484495,
    112.61934465997182,
    129.44056186906417,
    39.0973402434321,
    60.66607766823377
  ],
  "final_global_accuracy": 8.92,
  "best_global_accuracy": 31.07,
  "mean_client_accuracy": 14.61,
  "mean_fairness_variance": 3.8609999999999984,
  "mean_training_loss": 57.00149634142006,
  "mean_gradient_norm": 165.3882458791091,
  "convergence_round": 2,
  "convergence_speed": 0.2
}