{
  "method": "our_method",
  "dataset": "MNIST",
  "num_clients": 10,
  "global_epochs": 10,
  "round_accuracies": [
    23.91,
    25.3,
    22.7,
    12.58,
    10.52,
    9.74,
    8.92,
    8.92,
    8.92,
    8.91
  ],
  "client_accuracies": [
    [
      33.6,
      26.0
    ],
    [
      32.4,
      37.6
    ],
    [
      33.2,
      31.6
    ],
    [
      10.2,
      26.8
    ],
    [
      10.0,
      9.8
    ],
    [
      8.8,
      8.8
    ],
    [
      8.8,
      8.4
    ],
    [
      7.8,
      10.4
    ],
    [
      8.6,
      8.4
    ],
    [
      8.6,
      8.6
    ]
  ],
  "fairness_variances": [
    14.440000000000005,
    6.760000000000008,
    0.6400000000000011,
    68.89000000000001,
    0.009999999999999929,
    0.0,
    0.04000000000000007,
    1.6900000000000008,
    0.009999999999999929,
    0.0
  ],
  "communication_costs": [],
  "training_losses": [
    20.434385608136655,
    9.940328064135143,
    4.899264290503093,
    4.530665944729533,
    4.058628741332463,
    2.8962579899600573,
    2.450440471512931,
    5.340187647938728,
    3.218701463724886,
    2.4501406403524535
  ],
  "gradient_norms": [
    87.92818627910285,
    50.508435658377635,
    32.10223893533675,
    27.178197827314793,
    24.804817142544465,
    17.165823741527934,
    12.284612457987512,
    34.23699218177374,
    18.25040069919169,
    11.442020528946724
  ],
  "final_global_accuracy": 8.91,
  "best_global_accuracy": 25.3,
  "mean_client_accuracy": 16.92,
  "mean_fairness_variance": 9.248000000000003,
  "mean_training_loss": 6.021900086232593,
  "mean_gradient_norm": 31.590172545210407,
  "convergence_round": 2,
  "convergence_speed": 0.2
}