{
  "method": "our_method",
  "dataset": "MNIST",
  "num_clients": 10,
  "global_epochs": 10,
  "round_accuracies": [
    19.15,
    31.06,
    30.47,
    12.23,
    14.25,
    10.28,
    8.92,
    8.92,
    8.96,
    8.92
  ],
  "client_accuracies": [
    [
      12.8,
      15.8
    ],
    [
      32.0,
      36.6
    ],
    [
      36.0,
      24.4
    ],
    [
      12.6,
      12.0
    ],
    [
      11.0,
      12.6
    ],
    [
      11.2,
      8.2
    ],
    [
      9.6,
      7.8
    ],
    [
      8.0,
      8.4
    ],
    [
      8.2,
      9.4
    ],
    [
      8.6,
      9.4
    ]
  ],
  "fairness_variances": [
    2.25,
    5.290000000000003,
    33.64000000000001,
    0.08999999999999989,
    0.6399999999999997,
    2.25,
    0.8099999999999998,
    0.04000000000000007,
    0.36000000000000065,
    0.16000000000000028
  ],
  "communication_costs": [],
  "training_losses": [
    99.41037381589413,
    20.89751330230917,
    8.914621555379458,
    85.2639184394053,
    268.8858833568437,
    55.872642755934166,
    9.23284678778478,
    10.619173194042274,
    12.942158141519343,
    8.446372431303773
  ],
  "gradient_norms": [
    206.91125257105946,
    84.70798418333501,
    58.4900024510615,
    228.4436196974406,
    503.23001281202,
    288.83725380661434,
    94.05516252575785,
    117.3411606068226,
    111.3322179235327,
    108.36461306034451
  ],
  "final_global_accuracy": 8.92,
  "best_global_accuracy": 31.06,
  "mean_client_accuracy": 14.73,
  "mean_fairness_variance": 4.553000000000002,
  "mean_training_loss": 58.04855037804161,
  "mean_gradient_norm": 180.17132796379886,
  "convergence_round": 2,
  "convergence_speed": 0.2
}