{
  "method": "our_method",
  "dataset": "MNIST",
  "num_clients": 10,
  "global_epochs": 10,
  "round_accuracies": [
    12.22,
    16.33,
    9.49,
    12.3,
    10.79,
    5.9,
    5.82,
    7.9,
    8.0,
    10.91
  ],
  "client_accuracies": [
    [
      10.0,
      8.8
    ],
    [
      17.4,
      8.6
    ],
    [
      10.0,
      6.8
    ],
    [
      11.8,
      7.2
    ],
    [
      9.2,
      12.2
    ],
    [
      4.6,
      6.4
    ],
    [
      8.4,
      8.0
    ],
    [
      8.6,
      6.2
    ],
    [
      8.6,
      10.6
    ],
    [
      19.2,
      8.8
    ]
  ],
  "fairness_variances": [
    0.3599999999999996,
    19.359999999999996,
    2.5600000000000005,
    5.290000000000001,
    2.25,
    0.8100000000000006,
    0.04000000000000007,
    1.4399999999999995,
    1.0,
    27.039999999999992
  ],
  "communication_costs": [],
  "training_losses": [
    52528.203506594895,
    91736.51023995536,
    252815.50831473214,
    464776.05993303575,
    1027659.5302455358,
    3530950.3102678573,
    6825741.164285714,
    10107706.028571427,
    16004931.364285713,
    21372986.264285713
  ],
  "gradient_norms": [
    22634.413939133825,
    44771.436731656395,
    82679.50600047426,
    146702.1858034512,
    246546.97018848028,
    547697.3742641404,
    1080773.5222172544,
    1402563.6674261054,
    2038627.4147830487,
    2521866.773529294
  ],
  "final_global_accuracy": 10.91,
  "best_global_accuracy": 16.33,
  "mean_client_accuracy": 9.569999999999999,
  "mean_fairness_variance": 6.014999999999999,
  "mean_training_loss": 5973183.094393628,
  "mean_gradient_norm": 813486.3264883038,
  "convergence_round": 2,
  "convergence_speed": 0.2
}