{
  "method": "our_method",
  "dataset": "MNIST",
  "num_clients": 10,
  "global_epochs": 10,
  "round_accuracies": [
    23.92,
    13.7,
    21.37,
    69.81,
    80.36,
    78.01,
    81.86,
    82.25,
    82.04,
    82.94
  ],
  "client_accuracies": [
    [
      21.4,
      11.8
    ],
    [
      8.6,
      10.8
    ],
    [
      42.6,
      33.4
    ],
    [
      61.8,
      40.4
    ],
    [
      51.6,
      70.6
    ],
    [
      70.6,
      64.0
    ],
    [
      69.8,
      78.2
    ],
    [
      73.4,
      76.4
    ],
    [
      73.0,
      77.2
    ],
    [
      68.2,
      78.2
    ]
  ],
  "fairness_variances": [
    23.039999999999992,
    1.2100000000000013,
    21.160000000000014,
    114.48999999999998,
    90.24999999999994,
    10.889999999999981,
    17.640000000000025,
    2.25,
    4.4100000000000055,
    25.0
  ],
  "communication_costs": [],
  "training_losses": [
    1.8786017850041388,
    1.9764916830829211,
    1.294134755006858,
    0.5851720435278757,
    0.30859740363167865,
    0.13857378572491663,
    0.08180406105904175,
    0.05564491540592696,
    0.03657334904918181,
    0.01995249022729695
  ],
  "gradient_norms": [
    2.6168951543369774,
    3.718401150220386,
    3.609279995877988,
    4.448251358618787,
    4.712604176179118,
    2.6616077126418753,
    2.2708503668321085,
    1.699403974939604,
    1.3484982237744747,
    0.8176263484445581
  ],
  "final_global_accuracy": 82.94,
  "best_global_accuracy": 82.94,
  "mean_client_accuracy": 54.1,
  "mean_fairness_variance": 31.034,
  "mean_training_loss": 0.6375546271719836,
  "mean_gradient_norm": 2.7903418461865876,
  "convergence_round": 5,
  "convergence_speed": 0.5
}