{
  "method": "our_method",
  "dataset": "MNIST",
  "num_clients": 10,
  "global_epochs": 30,
  "round_accuracies": [
    23.17,
    11.81,
    10.3,
    8.92,
    8.93,
    10.28,
    8.92,
    8.92,
    8.92,
    8.92,
    10.28,
    10.09,
    10.09,
    8.92,
    10.1,
    10.09,
    10.1,
    10.09,
    8.92,
    8.92,
    10.09,
    10.28,
    8.92,
    8.93,
    10.28,
    10.09,
    10.09,
    10.09,
    10.1,
    10.06
  ],
  "client_accuracies": [
    [
      22.2,
      25.4
    ],
    [
      24.8,
      17.6
    ],
    [
      12.2,
      11.4
    ],
    [
      12.4,
      8.8
    ],
    [
      9.2,
      10.6
    ],
    [
      9.0,
      8.8
    ],
    [
      8.2,
      7.8
    ],
    [
      8.2,
      8.2
    ],
    [
      8.8,
      10.4
    ],
    [
      8.6,
      8.2
    ],
    [
      9.0,
      9.4
    ],
    [
      8.2,
      8.6
    ],
    [
      9.8,
      8.4
    ],
    [
      9.8,
      8.2
    ],
    [
      8.8,
      12.0
    ],
    [
      9.8,
      8.6
    ],
    [
      8.6,
      11.2
    ],
    [
      8.2,
      9.8
    ],
    [
      8.2,
      9.4
    ],
    [
      8.2,
      8.6
    ],
    [
      8.6,
      7.8
    ],
    [
      8.0,
      9.4
    ],
    [
      8.2,
      8.6
    ],
    [
      9.0,
      8.2
    ],
    [
      8.2,
      8.6
    ],
    [
      8.2,
      9.8
    ],
    [
      8.2,
      8.6
    ],
    [
      8.2,
      8.4
    ],
    [
      11.4,
      8.6
    ],
    [
      8.2,
      8.6
    ]
  ],
  "fairness_variances": [
    2.5599999999999987,
    12.959999999999997,
    0.1599999999999996,
    3.2399999999999993,
    0.4900000000000002,
    0.009999999999999929,
    0.0399999999999999,
    0.0,
    0.6399999999999997,
    0.04000000000000007,
    0.04000000000000007,
    0.04000000000000007,
    0.4900000000000002,
    0.6400000000000011,
    2.5599999999999987,
    0.36000000000000065,
    1.6899999999999995,
    0.6400000000000011,
    0.36000000000000065,
    0.04000000000000007,
    0.15999999999999992,
    0.4900000000000002,
    0.04000000000000007,
    0.16000000000000028,
    0.04000000000000007,
    0.6400000000000011,
    0.04000000000000007,
    0.010000000000000106,
    1.960000000000001,
    0.04000000000000007
  ],
  "communication_costs": [],
  "training_losses": [
    168.07485638260843,
    51.8100803051676,
    5.17319911973817,
    5.883462855006967,
    11.757940920761653,
    28.705329682997295,
    11.520977772559439,
    6.080270890678678,
    17.83720461108855,
    471.00765830427406,
    21.017394713418824,
    4.082590012465205,
    184.58324959639992,
    11.609026025448529,
    2.648642941883632,
    4.8251321320022855,
    3.156484967470169,
    34.87681185709579,
    4.790933981963566,
    3.985958288397108,
    3.5327565393277576,
    6.636372950673103,
    5.064103170377868,
    2.488443880421775,
    5.371061544333186,
    3.785606230156762,
    4.899383323107447,
    2.795353292993137,
    4.415860398326601,
    9.484344450065068
  ],
  "gradient_norms": [
    359.7462461686512,
    132.34514898627933,
    24.083201683523775,
    35.387796448210544,
    66.77651066370123,
    126.88262933983451,
    83.85592737201463,
    29.851988548817815,
    140.19247176869288,
    592.1885504351679,
    89.5753808235072,
    18.8725961289455,
    393.2705624266386,
    54.271786999809244,
    7.131894263522339,
    21.747724382165185,
    6.496702877465555,
    149.7971606950979,
    32.767354508158206,
    5.736002643904125,
    15.417906482228043,
    65.54695991056121,
    48.08822389431357,
    1.1869843442421528,
    37.321535268304224,
    9.20527549180921,
    40.75960913714138,
    3.747659108429608,
    18.751629877026232,
    54.13113792754955
  ],
  "final_global_accuracy": 10.06,
  "best_global_accuracy": 23.17,
  "mean_client_accuracy": 9.94,
  "mean_fairness_variance": 1.0193333333333332,
  "mean_training_loss": 36.73001637137363,
  "mean_gradient_norm": 88.8378186201904,
  "convergence_round": 1,
  "convergence_speed": 0.03333333333333333
}