{
  "method": "our_method",
  "dataset": "MNIST",
  "num_clients": 10,
  "global_epochs": 30,
  "round_accuracies": [
    10.17,
    13.36,
    11.26,
    12.11,
    20.56,
    20.61,
    18.1,
    18.06,
    20.68,
    20.85,
    23.26,
    25.37,
    26.57,
    27.66,
    31.56,
    33.81,
    32.81,
    34.58,
    34.51,
    34.75,
    34.43,
    34.82,
    35.5,
    36.18,
    36.16,
    37.89,
    37.5,
    37.98,
    38.3,
    38.73
  ],
  "client_accuracies": [
    [
      9.0,
      11.8
    ],
    [
      9.4,
      14.8
    ],
    [
      9.8,
      9.4
    ],
    [
      16.0,
      13.0
    ],
    [
      12.6,
      13.4
    ],
    [
      8.2,
      8.6
    ],
    [
      8.6,
      8.4
    ],
    [
      9.8,
      9.6
    ],
    [
      13.8,
      10.8
    ],
    [
      13.0,
      10.0
    ],
    [
      20.2,
      16.6
    ],
    [
      21.0,
      20.6
    ],
    [
      22.0,
      26.8
    ],
    [
      27.8,
      20.8
    ],
    [
      28.2,
      25.4
    ],
    [
      30.2,
      31.0
    ],
    [
      28.8,
      25.0
    ],
    [
      31.4,
      29.0
    ],
    [
      32.4,
      29.6
    ],
    [
      37.2,
      30.4
    ],
    [
      29.6,
      35.0
    ],
    [
      33.0,
      31.0
    ],
    [
      36.6,
      31.0
    ],
    [
      31.6,
      40.8
    ],
    [
      37.2,
      31.4
    ],
    [
      40.0,
      31.8
    ],
    [
      41.0,
      32.0
    ],
    [
      40.6,
      31.6
    ],
    [
      41.8,
      31.4
    ],
    [
      32.0,
      45.4
    ]
  ],
  "fairness_variances": [
    1.960000000000001,
    7.290000000000001,
    0.04000000000000007,
    2.25,
    0.16000000000000028,
    0.04000000000000007,
    0.009999999999999929,
    0.010000000000000106,
    2.25,
    2.25,
    3.2399999999999958,
    0.039999999999999716,
    5.760000000000002,
    12.25,
    1.9600000000000009,
    0.16000000000000028,
    3.610000000000001,
    1.4399999999999984,
    1.959999999999996,
    11.560000000000013,
    7.289999999999996,
    1.0,
    7.840000000000003,
    21.159999999999982,
    8.41000000000001,
    16.809999999999995,
    20.25,
    20.25,
    27.039999999999992,
    44.889999999999986
  ],
  "communication_costs": [],
  "training_losses": [
    2.1331208124756813,
    2.2571874627045223,
    2.2049066556351526,
    2.1318344767604556,
    2.0530514929975783,
    1.9754992787327086,
    1.9205517632620674,
    1.902893396786281,
    1.860653943674905,
    1.8451825546366827,
    1.8165419225181851,
    1.7470412018043655,
    1.7009254640766553,
    1.6603832728096417,
    1.621220843919686,
    1.5425248195018086,
    1.4703430712223051,
    1.4703714025872094,
    1.4274954902274268,
    1.3603102675506047,
    1.3392303568976265,
    1.3345847483192173,
    1.3320488103798458,
    1.2666710785457067,
    1.2181458718010356,
    1.1913452546511378,
    1.2167281374335288,
    1.1840359317404883,
    1.13469188192061,
    1.119287477859429
  ],
  "gradient_norms": [
    2.7860857404094457,
    3.0345415762056915,
    3.0089769988207555,
    2.9860106453536828,
    3.0843657890703335,
    3.150949874751258,
    3.5069709862953147,
    3.7722977987424695,
    4.075783631934051,
    4.34587286696539,
    4.656737196505619,
    4.678739206286225,
    4.81200808825735,
    5.109281511529931,
    5.231637043841626,
    5.251532272329639,
    5.2602021580925244,
    5.427140240783668,
    5.266958141846357,
    5.347228232168436,
    5.264894017497877,
    5.487115615139673,
    5.576919454670528,
    5.479316144313411,
    5.454061280932035,
    5.678393248455194,
    5.84336089246643,
    5.741171632740393,
    5.588609446269229,
    5.762132985239062
  ],
  "final_global_accuracy": 38.73,
  "best_global_accuracy": 38.73,
  "mean_client_accuracy": 24.32,
  "mean_fairness_variance": 7.772666666666666,
  "mean_training_loss": 1.6146269714477517,
  "mean_gradient_norm": 4.68897649059712,
  "convergence_round": 26,
  "convergence_speed": 0.8666666666666667
}