{
  "method": "our_method",
  "dataset": "MNIST",
  "num_clients": 10,
  "global_epochs": 10,
  "round_accuracies": [
    18.39,
    22.85,
    15.95,
    8.32,
    8.52,
    10.22,
    8.92,
    8.92,
    8.92,
    8.92
  ],
  "client_accuracies": [
    [
      7.8,
      28.2
    ],
    [
      25.0,
      22.4
    ],
    [
      27.4,
      31.0
    ],
    [
      15.0,
      20.4
    ],
    [
      9.6,
      8.2
    ],
    [
      10.0,
      8.6
    ],
    [
      9.6,
      8.0
    ],
    [
      8.2,
      8.6
    ],
    [
      8.4,
      8.6
    ],
    [
      8.6,
      8.4
    ]
  ],
  "fairness_variances": [
    104.03999999999999,
    1.690000000000002,
    3.2400000000000024,
    7.2899999999999965,
    0.4900000000000002,
    0.4900000000000002,
    0.6399999999999997,
    0.04000000000000007,
    0.009999999999999929,
    0.009999999999999929
  ],
  "communication_costs": [],
  "training_losses": [
    40.212012183666225,
    8.459535427604402,
    4.8892896767173495,
    9.145557842722962,
    4.030048431243215,
    7.729482830635138,
    6.511491892593248,
    5.442010695593697,
    12.677634914432252,
    24.16058913554464
  ],
  "gradient_norms": [
    109.40922234146093,
    32.81060872766036,
    27.018173586910688,
    42.88629797822617,
    28.370928214404067,
    83.50175387238897,
    71.38797420419434,
    36.51196303990509,
    148.23372252840645,
    201.3101051701822
  ],
  "final_global_accuracy": 8.92,
  "best_global_accuracy": 22.85,
  "mean_client_accuracy": 14.1,
  "mean_fairness_variance": 11.794,
  "mean_training_loss": 12.325765303075313,
  "mean_gradient_norm": 78.14407496637392,
  "convergence_round": 2,
  "convergence_speed": 0.2
}