{
  "method": "our_method",
  "dataset": "MNIST",
  "num_clients": 10,
  "global_epochs": 10,
  "round_accuracies": [
    11.59,
    8.92,
    9.88,
    9.88,
    9.88,
    9.88,
    9.88,
    9.87,
    9.87,
    9.88
  ],
  "client_accuracies": [
    [
      23.8,
      11.8
    ],
    [
      21.6,
      19.8
    ],
    [
      15.6,
      18.4
    ],
    [
      9.4,
      8.6
    ],
    [
      8.6,
      9.4
    ],
    [
      9.4,
      8.6
    ],
    [
      8.6,
      9.4
    ],
    [
      8.6,
      9.2
    ],
    [
      8.6,
      9.2
    ],
    [
      8.6,
      9.2
    ]
  ],
  "fairness_variances": [
    36.0,
    0.8100000000000006,
    1.9599999999999986,
    0.16000000000000028,
    0.16000000000000028,
    0.16000000000000028,
    0.16000000000000028,
    0.08999999999999989,
    0.08999999999999989,
    0.08999999999999989
  ],
  "communication_costs": [],
  "training_losses": [
    1.7620595842599869,
    1.794097097856658,
    1.6254309477550644,
    1.8488389132278304,
    1.8272286766341754,
    1.8332861974835395,
    1.8310593098402022,
    1.8332585347550254,
    1.8306694279823983,
    1.8351994446345739
  ],
  "gradient_norms": [
    2.7048538881862187,
    3.205692466713624,
    3.7764141397398316,
    4.900537079047501,
    4.831584015044093,
    4.868754695335317,
    4.834808016331234,
    4.791634262084113,
    4.8405734755085525,
    4.807742250582218
  ],
  "final_global_accuracy": 9.88,
  "best_global_accuracy": 11.59,
  "mean_client_accuracy": 11.820000000000002,
  "mean_fairness_variance": 3.968000000000001,
  "mean_training_loss": 1.8021128134429454,
  "mean_gradient_norm": 4.35625942885727,
  "convergence_round": 1,
  "convergence_speed": 0.1
}