{
  "method": "our_method",
  "dataset": "MNIST",
  "num_clients": 10,
  "global_epochs": 30,
  "round_accuracies": [
    19.08,
    18.54,
    58.87,
    72.29,
    78.19,
    79.23,
    80.57,
    81.17,
    80.73,
    82.14,
    83.07,
    83.24,
    83.59,
    83.19,
    84.26,
    83.54,
    83.32,
    84.75,
    84.05,
    84.66,
    83.41,
    84.38,
    83.61,
    84.45,
    83.67,
    83.78,
    84.05,
    85.41,
    83.8,
    84.4
  ],
  "client_accuracies": [
    [
      24.6,
      15.2
    ],
    [
      31.0,
      25.6
    ],
    [
      50.8,
      38.0
    ],
    [
      61.4,
      44.6
    ],
    [
      52.2,
      70.0
    ],
    [
      73.6,
      59.0
    ],
    [
      65.8,
      73.8
    ],
    [
      66.4,
      77.6
    ],
    [
      63.8,
      76.4
    ],
    [
      66.8,
      76.4
    ],
    [
      72.0,
      77.2
    ],
    [
      78.8,
      71.8
    ],
    [
      80.0,
      71.0
    ],
    [
      82.4,
      73.0
    ],
    [
      72.4,
      79.6
    ],
    [
      74.0,
      81.8
    ],
    [
      72.4,
      86.4
    ],
    [
      80.0,
      72.0
    ],
    [
      83.8,
      71.2
    ],
    [
      86.6,
      74.0
    ],
    [
      73.0,
      86.6
    ],
    [
      82.4,
      74.4
    ],
    [
      83.0,
      73.0
    ],
    [
      76.2,
      87.0
    ],
    [
      87.0,
      74.8
    ],
    [
      87.4,
      75.6
    ],
    [
      87.8,
      74.8
    ],
    [
      78.8,
      77.6
    ],
    [
      86.4,
      76.4
    ],
    [
      75.0,
      86.6
    ]
  ],
  "fairness_variances": [
    22.09000000000001,
    7.2899999999999965,
    40.95999999999998,
    70.55999999999997,
    79.20999999999998,
    53.28999999999996,
    16.0,
    31.359999999999935,
    39.690000000000055,
    23.040000000000042,
    6.760000000000007,
    12.25,
    20.25,
    22.09000000000003,
    12.959999999999958,
    15.209999999999988,
    49.0,
    16.0,
    39.68999999999996,
    39.68999999999996,
    46.23999999999996,
    16.0,
    25.0,
    29.159999999999982,
    37.21000000000002,
    34.810000000000066,
    42.25,
    0.3600000000000017,
    25.0,
    33.639999999999965
  ],
  "communication_costs": [],
  "training_losses": [
    1.4808601409196853,
    1.4329078853130341,
    0.8785301875855243,
    0.45734261247728547,
    0.26144934164892353,
    0.17431062962194638,
    0.10414037698148085,
    0.05822764431525554,
    0.05620642953186429,
    0.0476943042212432,
    0.04020093865983654,
    0.021826068798171557,
    0.019144439881867065,
    0.012163087294486884,
    0.01682959472694035,
    0.010727529474076746,
    0.01494331869492141,
    0.011363014409289463,
    0.012937385835435373,
    0.0066251816549733385,
    0.005288977366269267,
    0.01124873257483289,
    0.008025023470431084,
    0.006722573180039554,
    0.00604986636405686,
    0.005917783289000259,
    0.0059932859362951205,
    0.008651117268085987,
    0.01739783247986842,
    0.007615975386735434
  ],
  "gradient_norms": [
    2.588737737091674,
    3.6246429880812006,
    4.2274606780549595,
    4.388040597653899,
    3.9127097410547487,
    3.4374532340806594,
    2.667574303080702,
    1.8419834195670837,
    1.9281078825307003,
    1.6361703001877457,
    1.4067333599388188,
    0.9251879880029242,
    0.9112251295522573,
    0.6187406491618226,
    0.9056505900016336,
    0.6046603548141779,
    0.8138424389630161,
    0.605254520984104,
    0.6734324018379954,
    0.38578208171942335,
    0.33649421636979593,
    0.8174942255382838,
    0.5526809887981036,
    0.4398176824270539,
    0.41030838930313607,
    0.4538383774743805,
    0.4530101906182544,
    0.5005632955265068,
    0.9347753713081861,
    0.4943380011409175
  ],
  "final_global_accuracy": 84.4,
  "best_global_accuracy": 85.41,
  "mean_client_accuracy": 70.95333333333335,
  "mean_fairness_variance": 30.235333333333326,
  "mean_training_loss": 0.17337804264539522,
  "mean_gradient_norm": 1.4498903711621387,
  "convergence_round": 8,
  "convergence_speed": 0.26666666666666666
}