{
  "method": "our_method",
  "dataset": "MNIST",
  "num_clients": 10,
  "global_epochs": 10,
  "round_accuracies": [
    11.59,
    8.92,
    9.88,
    9.88,
    9.88,
    9.88,
    9.88,
    9.87,
    9.87,
    9.88
  ],
  "client_accuracies": [
    [
      23.8,
      11.8
    ],
    [
      21.6,
      19.8
    ],
    [
      15.6,
      18.4
    ],
    [
      9.4,
      8.6
    ],
    [
      8.6,
      9.4
    ],
    [
      9.4,
      8.6
    ],
    [
      8.6,
      9.4
    ],
    [
      8.6,
      9.2
    ],
    [
      8.6,
      9.2
    ],
    [
      8.6,
      9.2
    ]
  ],
  "fairness_variances": [
    36.0,
    0.8100000000000006,
    1.9599999999999986,
    0.16000000000000028,
    0.16000000000000028,
    0.16000000000000028,
    0.16000000000000028,
    0.08999999999999989,
    0.08999999999999989,
    0.08999999999999989
  ],
  "communication_costs": [],
  "training_losses": [
    1.7620595753192902,
    1.7940971470304896,
    1.625431773705142,
    1.8488389981644495,
    1.8272286664162363,
    1.833286293702466,
    1.8310592453394618,
    1.8332585192152433,
    1.8306693941354752,
    1.8351995712944442
  ],
  "gradient_norms": [
    2.704853882691845,
    3.2056913724503016,
    3.7764611203304783,
    4.9005227878653965,
    4.831570390348325,
    4.868741268785376,
    4.834793942790245,
    4.7916207603685494,
    4.840559890212502,
    4.807728699152747
  ],
  "final_global_accuracy": 9.88,
  "best_global_accuracy": 11.59,
  "mean_client_accuracy": 11.820000000000002,
  "mean_fairness_variance": 3.968000000000001,
  "mean_training_loss": 1.80211291843227,
  "mean_gradient_norm": 4.356254411499577,
  "convergence_round": 1,
  "convergence_speed": 0.1
}