{
  "method": "our_method",
  "dataset": "MNIST",
  "num_clients": 10,
  "global_epochs": 10,
  "round_accuracies": [
    20.7,
    28.55,
    27.86,
    19.42,
    18.75,
    8.97,
    8.98,
    8.69,
    8.81,
    8.82
  ],
  "client_accuracies": [
    [
      36.8,
      27.6
    ],
    [
      31.0,
      42.6
    ],
    [
      34.4,
      35.4
    ],
    [
      32.4,
      28.6
    ],
    [
      18.0,
      10.2
    ],
    [
      12.0,
      8.0
    ],
    [
      9.2,
      8.4
    ],
    [
      8.4,
      9.8
    ],
    [
      8.6,
      9.2
    ],
    [
      8.0,
      8.0
    ]
  ],
  "fairness_variances": [
    21.159999999999982,
    33.64000000000001,
    0.25,
    3.6099999999999945,
    15.210000000000003,
    4.0,
    0.1599999999999996,
    0.4900000000000002,
    0.08999999999999989,
    0.0
  ],
  "communication_costs": [],
  "training_losses": [
    4.401110072433949,
    2.740351514305387,
    2.896587211958,
    4.436711671309812,
    10.066615332875932,
    3.869763051186289,
    2.699041673966817,
    3.5193967536091804,
    2.595677589731557,
    2.3617009754691805
  ],
  "gradient_norms": [
    24.04929604933423,
    16.875644587296335,
    21.971604654652182,
    30.8229594890542,
    55.37779374299774,
    30.352573277483796,
    15.56634446540553,
    27.594998924357345,
    13.363642249064704,
    10.491323330901372
  ],
  "final_global_accuracy": 8.82,
  "best_global_accuracy": 28.55,
  "mean_client_accuracy": 19.330000000000002,
  "mean_fairness_variance": 7.860999999999999,
  "mean_training_loss": 3.958695584684611,
  "mean_gradient_norm": 24.64661807705474,
  "convergence_round": 2,
  "convergence_speed": 0.2
}