{
  "method": "our_method",
  "dataset": "MNIST",
  "num_clients": 10,
  "global_epochs": 10,
  "round_accuracies": [
    15.65,
    28.94,
    17.14,
    8.92,
    8.92,
    9.74,
    8.93,
    8.92,
    8.92,
    8.92
  ],
  "client_accuracies": [
    [
      27.2,
      24.4
    ],
    [
      30.6,
      34.6
    ],
    [
      24.0,
      26.0
    ],
    [
      7.8,
      13.2
    ],
    [
      9.0,
      8.8
    ],
    [
      9.6,
      8.0
    ],
    [
      8.8,
      8.6
    ],
    [
      8.2,
      8.2
    ],
    [
      8.2,
      8.2
    ],
    [
      8.0,
      8.2
    ]
  ],
  "fairness_variances": [
    1.9600000000000009,
    4.0,
    1.0,
    7.289999999999999,
    0.009999999999999929,
    0.6399999999999997,
    0.010000000000000106,
    0.0,
    0.0,
    0.009999999999999929
  ],
  "communication_costs": [],
  "training_losses": [
    15.932848489284515,
    8.558747702836989,
    5.098714118344443,
    5.179060538751738,
    4.548577429779939,
    4.442555428402764,
    7.3972166963985995,
    62.12359245547226,
    5.0758842263902935,
    4.150137039593288
  ],
  "gradient_norms": [
    68.35724992274857,
    41.517048576066344,
    35.15178436249235,
    36.74670997777365,
    35.4343087690633,
    60.32349445772158,
    76.92864622549801,
    247.78636672916593,
    38.31764872944225,
    28.1767047692479
  ],
  "final_global_accuracy": 8.92,
  "best_global_accuracy": 28.94,
  "mean_client_accuracy": 14.479999999999999,
  "mean_fairness_variance": 1.492,
  "mean_training_loss": 12.250733412525483,
  "mean_gradient_norm": 66.87399625192198,
  "convergence_round": 2,
  "convergence_speed": 0.2
}