{
  "method": "our_method",
  "dataset": "MNIST",
  "num_clients": 10,
  "global_epochs": 10,
  "round_accuracies": [
    26.2,
    26.24,
    28.15,
    12.36,
    8.91,
    9.32,
    8.88,
    8.92,
    8.92,
    8.92
  ],
  "client_accuracies": [
    [
      24.0,
      28.0
    ],
    [
      29.2,
      38.4
    ],
    [
      28.6,
      36.4
    ],
    [
      9.4,
      15.0
    ],
    [
      14.4,
      10.2
    ],
    [
      10.4,
      8.4
    ],
    [
      8.2,
      8.0
    ],
    [
      8.2,
      8.2
    ],
    [
      8.8,
      8.4
    ],
    [
      8.6,
      8.8
    ]
  ],
  "fairness_variances": [
    4.0,
    21.159999999999997,
    15.209999999999988,
    7.839999999999999,
    4.410000000000002,
    1.0,
    0.009999999999999929,
    0.0,
    0.04000000000000007,
    0.010000000000000106
  ],
  "communication_costs": [],
  "training_losses": [
    21.170868228375912,
    8.29816152772733,
    4.4837689071893685,
    3.7019598931074142,
    2.8391217870371683,
    5.196358985347407,
    4.251481561575617,
    3.261082705003875,
    6.059902671192374,
    6.59042563693864
  ],
  "gradient_norms": [
    87.00160201058958,
    44.55045107783804,
    29.151747909799212,
    24.742350256603334,
    15.534048497540875,
    37.918389490301315,
    30.014277981461362,
    22.671104452952427,
    67.18472532914703,
    75.76183841051783
  ],
  "final_global_accuracy": 8.92,
  "best_global_accuracy": 28.15,
  "mean_client_accuracy": 15.979999999999999,
  "mean_fairness_variance": 5.367999999999998,
  "mean_training_loss": 6.5853131903495115,
  "mean_gradient_norm": 43.453053541675104,
  "convergence_round": 3,
  "convergence_speed": 0.3
}