{
  "method": "our_method",
  "dataset": "MNIST",
  "num_clients": 10,
  "global_epochs": 10,
  "round_accuracies": [
    24.71,
    37.01,
    37.03,
    45.73,
    47.87,
    50.64,
    53.38,
    55.36,
    56.6,
    58.05
  ],
  "client_accuracies": [
    [
      30.4,
      26.8
    ],
    [
      30.0,
      43.8
    ],
    [
      28.4,
      30.6
    ],
    [
      42.2,
      36.8
    ],
    [
      37.8,
      45.8
    ],
    [
      47.4,
      37.8
    ],
    [
      38.8,
      51.4
    ],
    [
      42.2,
      53.2
    ],
    [
      44.8,
      53.6
    ],
    [
      44.4,
      57.0
    ]
  ],
  "fairness_variances": [
    3.2399999999999958,
    47.60999999999998,
    1.210000000000003,
    7.290000000000015,
    16.0,
    23.040000000000006,
    39.69000000000001,
    30.25,
    19.36000000000002,
    39.69000000000001
  ],
  "communication_costs": [],
  "training_losses": [
    4.599952712655067,
    3.0413975199418406,
    3.0064645349979404,
    1.8265792404966694,
    1.3715661330946856,
    1.146154303050467,
    0.9233380351481694,
    0.8547500891344888,
    0.7752572989357369,
    0.6962083714881113
  ],
  "gradient_norms": [
    25.117303591884927,
    19.22682237884215,
    21.314546560479847,
    14.668078374624102,
    11.896774786114701,
    10.362773176504962,
    9.174501807137164,
    8.804445846598213,
    8.402971890496818,
    7.819945248695717
  ],
  "final_global_accuracy": 58.05,
  "best_global_accuracy": 58.05,
  "mean_client_accuracy": 41.16,
  "mean_fairness_variance": 22.738000000000007,
  "mean_training_loss": 1.824166823894318,
  "mean_gradient_norm": 13.67881636613786,
  "convergence_round": 8,
  "convergence_speed": 0.8
}