{
  "method": "our_method",
  "dataset": "MNIST",
  "num_clients": 10,
  "global_epochs": 10,
  "round_accuracies": [
    14.64,
    28.57,
    24.04,
    9.35,
    8.85,
    10.28,
    8.93,
    8.91,
    8.92,
    8.92
  ],
  "client_accuracies": [
    [
      34.2,
      14.8
    ],
    [
      28.4,
      36.6
    ],
    [
      19.4,
      26.2
    ],
    [
      17.6,
      14.8
    ],
    [
      8.0,
      8.2
    ],
    [
      9.0,
      7.8
    ],
    [
      9.8,
      8.6
    ],
    [
      8.0,
      6.8
    ],
    [
      8.2,
      8.4
    ],
    [
      8.4,
      8.2
    ]
  ],
  "fairness_variances": [
    94.09000000000003,
    16.810000000000013,
    11.560000000000002,
    1.9600000000000009,
    0.009999999999999929,
    0.3600000000000001,
    0.36000000000000065,
    0.3600000000000001,
    0.010000000000000106,
    0.010000000000000106
  ],
  "communication_costs": [],
  "training_losses": [
    17.853415739536285,
    7.782833869968141,
    5.44735204918044,
    4.306689414807728,
    6.1456916119371146,
    7.2864838225500925,
    8.72772156894207,
    6.6133352213672225,
    10.83322212610926,
    8.923202725819179
  ],
  "gradient_norms": [
    75.5952537797976,
    40.204683962977654,
    35.803569727807094,
    34.48225566063765,
    58.883533048160885,
    85.93749400395785,
    88.25246387716437,
    49.634601395943164,
    141.7049566313999,
    83.21304127090329
  ],
  "final_global_accuracy": 8.92,
  "best_global_accuracy": 28.57,
  "mean_client_accuracy": 14.570000000000002,
  "mean_fairness_variance": 12.553000000000006,
  "mean_training_loss": 8.391994815021754,
  "mean_gradient_norm": 69.37118533587496,
  "convergence_round": 2,
  "convergence_speed": 0.2
}