{
  "method": "our_method",
  "dataset": "MNIST",
  "num_clients": 10,
  "global_epochs": 10,
  "round_accuracies": [
    16.71,
    20.77,
    9.2,
    8.92,
    8.92,
    10.09,
    8.92,
    8.76,
    8.92,
    8.92
  ],
  "client_accuracies": [
    [
      23.2,
      16.2
    ],
    [
      19.0,
      27.4
    ],
    [
      10.4,
      18.2
    ],
    [
      9.6,
      8.0
    ],
    [
      9.0,
      10.4
    ],
    [
      11.8,
      8.6
    ],
    [
      8.8,
      8.2
    ],
    [
      7.8,
      8.6
    ],
    [
      8.6,
      8.0
    ],
    [
      8.6,
      8.2
    ]
  ],
  "fairness_variances": [
    12.25,
    17.639999999999993,
    15.209999999999996,
    0.6399999999999997,
    0.4900000000000002,
    2.5600000000000014,
    0.09000000000000043,
    0.15999999999999992,
    0.08999999999999989,
    0.04000000000000007
  ],
  "communication_costs": [],
  "training_losses": [
    23.308049587905405,
    5.114152356982231,
    2.356715793269021,
    2.8954259020941597,
    4.557645465859345,
    27.745749667499744,
    247.01815043347221,
    897.9032580628991,
    1190.0827640976224,
    35404.30507020291
  ],
  "gradient_norms": [
    76.60848918053688,
    20.16658848362445,
    12.384115631682157,
    18.026236271422242,
    41.29209875947679,
    365.516716747149,
    1644.2394530076344,
    15562.402856419112,
    14264.87253277634,
    237894.42509013295
  ],
  "final_global_accuracy": 8.92,
  "best_global_accuracy": 20.77,
  "mean_client_accuracy": 11.929999999999998,
  "mean_fairness_variance": 4.917,
  "mean_training_loss": 3780.528698157051,
  "mean_gradient_norm": 26989.993417740992,
  "convergence_round": 2,
  "convergence_speed": 0.2
}