{
  "method": "our_method",
  "dataset": "MNIST",
  "num_clients": 10,
  "global_epochs": 10,
  "round_accuracies": [
    21.05,
    34.11,
    32.88,
    14.71,
    11.29,
    8.95,
    8.97,
    8.92,
    8.92,
    8.9
  ],
  "client_accuracies": [
    [
      40.0,
      26.8
    ],
    [
      31.6,
      40.8
    ],
    [
      32.2,
      35.4
    ],
    [
      29.2,
      28.6
    ],
    [
      12.8,
      10.8
    ],
    [
      7.6,
      9.8
    ],
    [
      9.2,
      10.0
    ],
    [
      7.8,
      8.4
    ],
    [
      8.2,
      9.0
    ],
    [
      8.0,
      8.2
    ]
  ],
  "fairness_variances": [
    43.559999999999995,
    21.159999999999982,
    2.5599999999999934,
    0.08999999999999936,
    1.0,
    1.2100000000000013,
    0.16000000000000028,
    0.09000000000000016,
    0.16000000000000028,
    0.009999999999999929
  ],
  "communication_costs": [],
  "training_losses": [
    6.073582084476948,
    3.584053245825427,
    2.9277371423585072,
    5.476094196523938,
    3.1634286476033076,
    2.6819776407309943,
    3.1013849311641284,
    5.0477098946060455,
    3.2308577384267534,
    4.343193655780384
  ],
  "gradient_norms": [
    32.17273279617621,
    22.308036511842417,
    23.776094697539165,
    37.49540144915282,
    22.559328151533297,
    13.309485095549825,
    22.206729950079026,
    49.62712727679315,
    28.491836799139257,
    33.18704862345734
  ],
  "final_global_accuracy": 8.9,
  "best_global_accuracy": 34.11,
  "mean_client_accuracy": 18.72,
  "mean_fairness_variance": 6.999999999999997,
  "mean_training_loss": 3.9630019177496436,
  "mean_gradient_norm": 28.513382135126257,
  "convergence_round": 2,
  "convergence_speed": 0.2
}