{
  "method": "our_method",
  "dataset": "MNIST",
  "num_clients": 10,
  "global_epochs": 10,
  "round_accuracies": [
    25.02,
    25.33,
    15.46,
    12.55,
    19.01,
    12.9,
    11.47,
    8.68,
    9.08,
    8.96
  ],
  "client_accuracies": [
    [
      14.4,
      33.2
    ],
    [
      22.6,
      31.0
    ],
    [
      14.2,
      14.2
    ],
    [
      13.4,
      16.6
    ],
    [
      19.4,
      12.2
    ],
    [
      15.2,
      8.2
    ],
    [
      9.2,
      11.4
    ],
    [
      8.4,
      11.4
    ],
    [
      8.8,
      10.2
    ],
    [
      7.6,
      9.8
    ]
  ],
  "fairness_variances": [
    88.36000000000003,
    17.639999999999993,
    0.0,
    2.5600000000000014,
    12.959999999999997,
    12.25,
    1.2100000000000013,
    2.25,
    0.489999999999999,
    1.2100000000000013
  ],
  "communication_costs": [],
  "training_losses": [
    33.07987330853939,
    8.206805108274732,
    19.87851356438228,
    82.48662598133087,
    362.48120166233605,
    626.6619973318918,
    102.1157700725964,
    78.69894019195011,
    43.811258447383125,
    57.9620220639876
  ],
  "gradient_norms": [
    100.42865894000822,
    37.61274159192591,
    80.18786838253085,
    223.9420135552001,
    643.4339341898301,
    947.6205065739571,
    349.1498111315293,
    320.50269312047004,
    281.90365332281266,
    398.4092533587988
  ],
  "final_global_accuracy": 8.96,
  "best_global_accuracy": 25.33,
  "mean_client_accuracy": 14.569999999999999,
  "mean_fairness_variance": 13.893000000000004,
  "mean_training_loss": 141.53830077326725,
  "mean_gradient_norm": 338.3191134167063,
  "convergence_round": 1,
  "convergence_speed": 0.1
}