{
  "method": "our_method",
  "dataset": "MNIST",
  "num_clients": 10,
  "global_epochs": 10,
  "round_accuracies": [
    27.44,
    28.13,
    21.62,
    8.92,
    8.9,
    10.28,
    8.93,
    8.92,
    8.93,
    8.91
  ],
  "client_accuracies": [
    [
      37.4,
      28.0
    ],
    [
      32.8,
      40.0
    ],
    [
      22.4,
      30.0
    ],
    [
      9.6,
      9.8
    ],
    [
      9.8,
      8.0
    ],
    [
      9.8,
      7.8
    ],
    [
      7.8,
      7.2
    ],
    [
      8.2,
      8.4
    ],
    [
      9.0,
      8.2
    ],
    [
      8.6,
      8.2
    ]
  ],
  "fairness_variances": [
    22.089999999999996,
    12.96000000000001,
    14.440000000000005,
    0.010000000000000106,
    0.8100000000000006,
    1.0000000000000009,
    0.0899999999999999,
    0.010000000000000106,
    0.16000000000000028,
    0.04000000000000007
  ],
  "communication_costs": [],
  "training_losses": [
    18.068968366086484,
    7.588505763241223,
    4.226179621900831,
    4.307428920269013,
    3.8476985013910703,
    3.63309645652771,
    4.111237452924252,
    3.9785146359886445,
    2.7353937072413306,
    3.0414482129471643
  ],
  "gradient_norms": [
    80.77096919433814,
    41.25286413565525,
    30.58268467950504,
    25.883977377056496,
    20.195874776506898,
    22.586210499053287,
    28.226733699572836,
    27.955570577368647,
    11.112009169686422,
    20.709527607685146
  ],
  "final_global_accuracy": 8.91,
  "best_global_accuracy": 28.13,
  "mean_client_accuracy": 15.55,
  "mean_fairness_variance": 5.161000000000001,
  "mean_training_loss": 5.553847163851772,
  "mean_gradient_norm": 30.92764217164281,
  "convergence_round": 1,
  "convergence_speed": 0.1
}