{
  "method": "our_method",
  "dataset": "MNIST",
  "num_clients": 10,
  "global_epochs": 10,
  "round_accuracies": [
    11.59,
    8.92,
    9.88,
    9.88,
    9.88,
    9.88,
    9.88,
    9.87,
    9.87,
    9.88
  ],
  "client_accuracies": [
    [
      23.8,
      11.8
    ],
    [
      21.6,
      19.8
    ],
    [
      15.6,
      18.4
    ],
    [
      9.4,
      8.6
    ],
    [
      8.6,
      9.4
    ],
    [
      9.4,
      8.6
    ],
    [
      8.6,
      9.4
    ],
    [
      8.6,
      9.2
    ],
    [
      8.6,
      9.2
    ],
    [
      8.6,
      9.2
    ]
  ],
  "fairness_variances": [
    36.0,
    0.8100000000000006,
    1.9599999999999986,
    0.16000000000000028,
    0.16000000000000028,
    0.16000000000000028,
    0.16000000000000028,
    0.08999999999999989,
    0.08999999999999989,
    0.08999999999999989
  ],
  "communication_costs": [],
  "training_losses": [
    1.7620595812797546,
    1.7940971549068179,
    1.6254317730665209,
    1.8488389941198484,
    1.8272286491734642,
    1.8332862996629307,
    1.8310592468295779,
    1.833258513041905,
    1.830669385620526,
    1.835199553838798
  ],
  "gradient_norms": [
    2.7048538839784335,
    3.2056914050949343,
    3.7764613791539716,
    4.90052273577307,
    4.831570343640118,
    4.868741254106352,
    4.834793920601089,
    4.791620724829272,
    4.840559845162078,
    4.807728159483016
  ],
  "final_global_accuracy": 9.88,
  "best_global_accuracy": 11.59,
  "mean_client_accuracy": 11.820000000000002,
  "mean_fairness_variance": 3.968000000000001,
  "mean_training_loss": 1.8021129151540145,
  "mean_gradient_norm": 4.356254365182234,
  "convergence_round": 1,
  "convergence_speed": 0.1
}