{
  "method": "our_method",
  "dataset": "MNIST",
  "num_clients": 10,
  "global_epochs": 10,
  "round_accuracies": [
    12.22,
    16.33,
    9.49,
    12.3,
    10.79,
    5.9,
    5.82,
    7.9,
    8.0,
    10.91
  ],
  "client_accuracies": [
    [
      10.0,
      8.8
    ],
    [
      17.4,
      8.6
    ],
    [
      10.0,
      6.8
    ],
    [
      11.8,
      7.2
    ],
    [
      9.2,
      12.2
    ],
    [
      4.6,
      6.4
    ],
    [
      8.4,
      8.0
    ],
    [
      8.6,
      6.2
    ],
    [
      8.6,
      10.6
    ],
    [
      19.2,
      8.8
    ]
  ],
  "fairness_variances": [
    0.3599999999999996,
    19.359999999999996,
    2.5600000000000005,
    5.290000000000001,
    2.25,
    0.8100000000000006,
    0.04000000000000007,
    1.4399999999999995,
    1.0,
    27.039999999999992
  ],
  "communication_costs": [],
  "training_losses": [
    52528.2018708527,
    91736.51201171875,
    252815.50485491066,
    464776.0686941964,
    1027659.5448660715,
    3530950.403348214,
    6825740.957142857,
    10107705.228571428,
    16004930.792857144,
    21372986.589285713
  ],
  "gradient_norms": [
    22634.413896856477,
    44771.43688062191,
    82679.50565339728,
    146702.18932443988,
    246546.97090643577,
    547697.3754848568,
    1080774.4344434827,
    1402563.5828415784,
    2038629.8132504923,
    2521865.6900131362
  ],
  "final_global_accuracy": 10.91,
  "best_global_accuracy": 16.33,
  "mean_client_accuracy": 9.569999999999999,
  "mean_fairness_variance": 6.014999999999999,
  "mean_training_loss": 5973182.980350311,
  "mean_gradient_norm": 813486.5412695298,
  "convergence_round": 2,
  "convergence_speed": 0.2
}