{
  "method": "our_method",
  "dataset": "MNIST",
  "num_clients": 10,
  "global_epochs": 30,
  "round_accuracies": [
    14.08,
    24.45,
    8.9,
    9.24,
    8.92,
    10.3,
    8.92,
    8.92,
    8.92,
    8.92,
    10.28,
    10.08,
    10.09,
    8.92,
    10.09,
    10.1,
    10.09,
    10.09,
    8.92,
    8.92,
    10.1,
    10.28,
    8.92,
    8.92,
    10.28,
    10.09,
    8.93,
    10.09,
    10.09,
    10.09
  ],
  "client_accuracies": [
    [
      10.4,
      26.2
    ],
    [
      21.4,
      7.0
    ],
    [
      8.0,
      6.6
    ],
    [
      9.4,
      8.0
    ],
    [
      8.8,
      8.4
    ],
    [
      7.6,
      9.0
    ],
    [
      8.2,
      9.8
    ],
    [
      8.0,
      8.4
    ],
    [
      8.4,
      9.8
    ],
    [
      9.6,
      11.2
    ],
    [
      9.4,
      9.8
    ],
    [
      10.0,
      8.4
    ],
    [
      9.8,
      8.6
    ],
    [
      9.8,
      8.6
    ],
    [
      8.4,
      11.0
    ],
    [
      9.8,
      8.4
    ],
    [
      8.8,
      10.4
    ],
    [
      8.2,
      9.4
    ],
    [
      8.0,
      9.6
    ],
    [
      8.2,
      8.6
    ],
    [
      8.6,
      10.8
    ],
    [
      8.2,
      9.4
    ],
    [
      8.4,
      8.6
    ],
    [
      8.6,
      8.2
    ],
    [
      7.8,
      8.6
    ],
    [
      8.2,
      9.8
    ],
    [
      9.8,
      8.6
    ],
    [
      8.2,
      8.6
    ],
    [
      11.4,
      9.2
    ],
    [
      8.4,
      8.6
    ]
  ],
  "fairness_variances": [
    62.40999999999999,
    51.83999999999999,
    0.49000000000000027,
    0.4900000000000002,
    0.04000000000000007,
    0.4900000000000002,
    0.6400000000000011,
    0.04000000000000007,
    0.4900000000000002,
    0.6399999999999997,
    0.04000000000000007,
    0.6399999999999997,
    0.36000000000000065,
    0.36000000000000065,
    1.6899999999999995,
    0.4900000000000002,
    0.6399999999999997,
    0.36000000000000065,
    0.6399999999999997,
    0.04000000000000007,
    1.2100000000000013,
    0.36000000000000065,
    0.009999999999999929,
    0.04000000000000007,
    0.15999999999999992,
    0.6400000000000011,
    0.36000000000000065,
    0.04000000000000007,
    1.2100000000000013,
    0.009999999999999929
  ],
  "communication_costs": [],
  "training_losses": [
    148.19359729886054,
    100.52868733512503,
    3.650328750695501,
    5.8446567726986745,
    9.693450613319873,
    28.987367753258773,
    8.584307460274015,
    7.537965144429888,
    4.48429331949779,
    4.6246337905526165,
    10.902145033223288,
    10.341172509959767,
    14.295239553706987,
    135.8563499382564,
    5.8899555016841205,
    5.003142551864896,
    4.315635190265519,
    3.6018348395824438,
    3.140293897475515,
    12.05558945047004,
    4.0231962020908085,
    4.772369188070297,
    4.1695913506405695,
    3.771943529588836,
    10.526585052268846,
    3.7653701326676776,
    3.0247896973575865,
    4.596577090876443,
    4.299340752192906,
    23.12364845957075
  ],
  "gradient_norms": [
    347.6981279624275,
    174.68265570501927,
    20.184106353693444,
    35.24207035325006,
    64.79294317508436,
    105.52645952946433,
    67.9325899755064,
    43.560065582658154,
    20.116168065776144,
    30.640024912732834,
    71.22563088862607,
    63.577965384574824,
    213.3600999866508,
    226.0088064510247,
    25.58459341439626,
    26.473311830538364,
    20.8643888527133,
    17.35590998225687,
    9.844890266453662,
    61.83906027580401,
    21.20107040358277,
    38.409122382476056,
    24.72410069155251,
    55.941949707395246,
    177.1436152310515,
    20.530230706397337,
    15.965071497794423,
    36.946033750198964,
    34.93778123560753,
    207.69689664103498
  ],
  "final_global_accuracy": 10.09,
  "best_global_accuracy": 24.45,
  "mean_client_accuracy": 9.423333333333334,
  "mean_fairness_variance": 4.229,
  "mean_training_loss": 19.786801938684217,
  "mean_gradient_norm": 76.00019137319143,
  "convergence_round": 2,
  "convergence_speed": 0.06666666666666667
}