{
  "method": "our_method",
  "dataset": "MNIST",
  "num_clients": 10,
  "global_epochs": 10,
  "round_accuracies": [
    12.22,
    16.33,
    9.5,
    12.3,
    10.79,
    5.9,
    5.82,
    7.9,
    8.0,
    10.91
  ],
  "client_accuracies": [
    [
      10.0,
      8.8
    ],
    [
      17.4,
      8.6
    ],
    [
      10.0,
      6.8
    ],
    [
      11.8,
      7.2
    ],
    [
      9.2,
      12.2
    ],
    [
      4.6,
      6.4
    ],
    [
      8.4,
      8.0
    ],
    [
      8.6,
      6.2
    ],
    [
      8.6,
      10.6
    ],
    [
      19.2,
      8.8
    ]
  ],
  "fairness_variances": [
    0.3599999999999996,
    19.359999999999996,
    2.5600000000000005,
    5.290000000000001,
    2.25,
    0.8100000000000006,
    0.04000000000000007,
    1.4399999999999995,
    1.0,
    27.039999999999992
  ],
  "communication_costs": [],
  "training_losses": [
    52528.20666363835,
    91736.51213727679,
    252815.41696428572,
    464775.3121651786,
    1027660.0308035715,
    3530940.4160714285,
    6825696.9625,
    10107711.848214285,
    16004709.425,
    21372772.242857143
  ],
  "gradient_norms": [
    22634.41393311635,
    44771.43658776865,
    82678.80307337995,
    146702.33265366664,
    246542.61735397315,
    547706.3790078019,
    1080787.94397251,
    1402578.4590964927,
    2039337.079828787,
    2522412.6012128624
  ],
  "final_global_accuracy": 10.91,
  "best_global_accuracy": 16.33,
  "mean_client_accuracy": 9.569999999999999,
  "mean_fairness_variance": 6.014999999999999,
  "mean_training_loss": 5973134.637337682,
  "mean_gradient_norm": 813615.2066720359,
  "convergence_round": 2,
  "convergence_speed": 0.2
}