{
  "method": "our_method",
  "dataset": "MNIST",
  "num_clients": 10,
  "global_epochs": 10,
  "round_accuracies": [
    9.84,
    11.25,
    12.5,
    17.03,
    10.03,
    25.22,
    24.5,
    19.67,
    29.23,
    30.87
  ],
  "client_accuracies": [
    [
      14.8,
      11.8
    ],
    [
      13.2,
      12.4
    ],
    [
      16.8,
      22.8
    ],
    [
      12.0,
      16.2
    ],
    [
      23.4,
      17.2
    ],
    [
      20.8,
      26.8
    ],
    [
      23.0,
      23.0
    ],
    [
      26.6,
      22.2
    ],
    [
      25.4,
      22.8
    ],
    [
      26.6,
      15.6
    ]
  ],
  "fairness_variances": [
    2.25,
    0.1599999999999996,
    9.0,
    4.409999999999998,
    9.609999999999998,
    9.0,
    0.0,
    4.840000000000005,
    1.6899999999999973,
    30.25000000000001
  ],
  "communication_costs": [],
  "training_losses": [
    2.0203997671604155,
    2.1776847986238344,
    1.8769237482122012,
    1.7837737102593696,
    1.7333677711231368,
    1.8435873450977462,
    1.874689785710403,
    1.882036322568144,
    1.8924518904515675,
    1.9892515763640404
  ],
  "gradient_norms": [
    4.506788697124407,
    5.550702570734012,
    4.953104404180313,
    5.838604191413927,
    7.161253504130556,
    9.117997803228489,
    10.675412903544725,
    11.229663267974704,
    12.383262992667166,
    13.547235626845385
  ],
  "final_global_accuracy": 30.87,
  "best_global_accuracy": 30.87,
  "mean_client_accuracy": 19.669999999999998,
  "mean_fairness_variance": 7.121,
  "mean_training_loss": 1.9074166715570857,
  "mean_gradient_norm": 8.496402596184367,
  "convergence_round": 10,
  "convergence_speed": 1.0
}