{
  "method": "our_method",
  "dataset": "MNIST",
  "num_clients": 10,
  "global_epochs": 10,
  "round_accuracies": [
    15.22,
    19.25,
    15.19,
    10.13,
    8.36,
    10.37,
    13.54,
    9.21,
    9.2,
    8.92
  ],
  "client_accuracies": [
    [
      14.2,
      22.8
    ],
    [
      24.0,
      16.4
    ],
    [
      15.4,
      16.2
    ],
    [
      17.6,
      21.2
    ],
    [
      10.2,
      16.4
    ],
    [
      16.4,
      10.8
    ],
    [
      13.2,
      11.4
    ],
    [
      8.6,
      8.2
    ],
    [
      9.0,
      12.4
    ],
    [
      8.8,
      11.0
    ]
  ],
  "fairness_variances": [
    18.490000000000006,
    14.440000000000005,
    0.1599999999999996,
    3.2399999999999958,
    9.609999999999998,
    7.839999999999994,
    0.8099999999999989,
    0.04000000000000007,
    2.8900000000000006,
    1.2099999999999993
  ],
  "communication_costs": [],
  "training_losses": [
    31.33037008345127,
    7.737808163676943,
    11.29144985803536,
    21.65689900602613,
    45.813649458544596,
    116.14452979181493,
    132.16690249868802,
    49.49198906293937,
    141.80773851147723,
    52.6655640738351
  ],
  "gradient_norms": [
    76.74597196877002,
    34.13945100307465,
    50.097222685813904,
    85.88266086578369,
    182.95705476658685,
    453.5411416858967,
    778.9480390278356,
    488.3176488036556,
    1010.1620728349047,
    585.8791863506128
  ],
  "final_global_accuracy": 8.92,
  "best_global_accuracy": 19.25,
  "mean_client_accuracy": 14.209999999999999,
  "mean_fairness_variance": 5.872999999999999,
  "mean_training_loss": 61.01069005084889,
  "mean_gradient_norm": 374.66704499929347,
  "convergence_round": 2,
  "convergence_speed": 0.2
}