{
  "method": "our_method",
  "dataset": "MNIST",
  "num_clients": 10,
  "global_epochs": 30,
  "round_accuracies": [
    9.94,
    12.07,
    18.91,
    11.2,
    9.62,
    20.01,
    24.08,
    29.38,
    31.9,
    45.86,
    52.21,
    59.46,
    62.0,
    67.29,
    68.72,
    69.51,
    70.83,
    72.03,
    73.27,
    73.82,
    73.9,
    74.8,
    75.04,
    74.8,
    75.71,
    75.03,
    75.5,
    76.77,
    76.93,
    77.21
  ],
  "client_accuracies": [
    [
      9.0,
      11.8
    ],
    [
      9.4,
      13.0
    ],
    [
      9.8,
      8.8
    ],
    [
      12.4,
      8.6
    ],
    [
      15.6,
      14.2
    ],
    [
      18.2,
      25.8
    ],
    [
      28.6,
      20.2
    ],
    [
      31.4,
      22.4
    ],
    [
      30.8,
      30.0
    ],
    [
      32.8,
      39.2
    ],
    [
      35.0,
      49.6
    ],
    [
      55.4,
      35.8
    ],
    [
      56.0,
      37.4
    ],
    [
      60.4,
      42.6
    ],
    [
      45.6,
      61.2
    ],
    [
      63.6,
      51.8
    ],
    [
      67.6,
      54.0
    ],
    [
      55.2,
      66.0
    ],
    [
      57.4,
      69.0
    ],
    [
      70.0,
      59.0
    ],
    [
      74.2,
      58.2
    ],
    [
      74.8,
      61.4
    ],
    [
      62.0,
      74.8
    ],
    [
      74.0,
      64.4
    ],
    [
      75.6,
      65.0
    ],
    [
      73.8,
      63.6
    ],
    [
      74.4,
      63.8
    ],
    [
      74.4,
      64.4
    ],
    [
      64.8,
      76.2
    ],
    [
      78.2,
      62.8
    ]
  ],
  "fairness_variances": [
    1.960000000000001,
    3.2399999999999993,
    0.25,
    3.610000000000001,
    0.4900000000000002,
    14.440000000000005,
    17.640000000000008,
    20.25,
    0.16000000000000028,
    10.240000000000018,
    53.290000000000006,
    96.04000000000002,
    86.49000000000001,
    79.20999999999998,
    60.84000000000001,
    34.810000000000024,
    46.23999999999996,
    29.159999999999986,
    33.64000000000001,
    30.25,
    64.0,
    44.889999999999986,
    40.95999999999998,
    23.039999999999974,
    28.08999999999997,
    26.009999999999977,
    28.090000000000046,
    25.0,
    32.49000000000003,
    59.29000000000004
  ],
  "communication_costs": [],
  "training_losses": [
    2.1487692683935165,
    2.2507130035332272,
    2.0652642884424752,
    1.9052009220634187,
    1.7476676508784295,
    1.6110815388815745,
    1.4251707834856853,
    1.2752644564424243,
    1.102895290510995,
    0.9741214984229633,
    0.8574948935636452,
    0.7533541182322161,
    0.6567756734788417,
    0.5907619799354247,
    0.5257665984864746,
    0.4911948615419013,
    0.41928650811314583,
    0.381832697561809,
    0.3613183105630534,
    0.3090562071119036,
    0.3142330564292414,
    0.2892116900533438,
    0.27356757347338967,
    0.25195083831037796,
    0.23351826963147945,
    0.21901300914053407,
    0.21961262477561833,
    0.20955551511475018,
    0.1921868417944227,
    0.1782606883905828
  ],
  "gradient_norms": [
    2.799820842217094,
    3.0208653689345684,
    2.8000944690296885,
    2.8891321272347694,
    3.0342416246352215,
    3.297351822514867,
    3.6645759733921843,
    3.8710459872389458,
    4.108200603317778,
    4.196414169784341,
    4.493145823400487,
    4.4440847740753195,
    4.5624143765082685,
    4.552402174356673,
    4.542428632843445,
    4.838059580869222,
    4.553376317210747,
    4.5422477867974855,
    4.458597444050542,
    4.245151040968099,
    4.527000536404236,
    4.3875205945810265,
    4.327580978192048,
    4.21642239330313,
    4.006064916393246,
    4.3414893572750515,
    4.329493878542476,
    4.124642536202215,
    4.105697773537314,
    3.8971777897020736
  ],
  "final_global_accuracy": 77.21,
  "best_global_accuracy": 77.21,
  "mean_client_accuracy": 47.75666666666667,
  "mean_fairness_variance": 33.137,
  "mean_training_loss": 0.8078033552252288,
  "mean_gradient_norm": 4.039224723117085,
  "convergence_round": 20,
  "convergence_speed": 0.6666666666666666
}